signal,signal_label,spec,entry_z,horizon_bars,mean_bps,mean_session_bps,t_clustered,hit_rate,n_events
0,z0_rolling390,S1,1.5,5,0.022,0.034,5.75,0.446,40987.0
0,z0_rolling390,S1,1.5,15,0.032,0.058,5.62,0.479,39708.0
0,z0_rolling390,S1,1.5,30,0.029,0.069,4.34,0.491,38099.0
0,z0_rolling390,S1,1.5,60,0.028,0.103,3.92,0.502,35222.0
0,z0_rolling390,S1,1.5,120,0.019,0.173,4.28,0.502,29939.0
0,z0_rolling390,S1,2.0,5,0.028,0.053,6.71,0.458,24911.0
0,z0_rolling390,S1,2.0,15,0.028,0.079,5.87,0.481,24308.0
0,z0_rolling390,S1,2.0,30,0.022,0.104,5.4,0.489,23527.0
0,z0_rolling390,S1,2.0,60,0.02,0.186,6.19,0.502,22199.0
0,z0_rolling390,S1,2.0,120,-0.001,0.286,6.59,0.501,19751.0
0,z0_rolling390,S1,2.5,5,0.022,0.061,5.73,0.461,12216.0
0,z0_rolling390,S1,2.5,15,0.025,0.119,6.98,0.479,12007.0
0,z0_rolling390,S1,2.5,30,0.009,0.153,5.97,0.489,11766.0
0,z0_rolling390,S1,2.5,60,0.017,0.248,7.26,0.491,11337.0
0,z0_rolling390,S1,2.5,120,-0.007,0.253,5.29,0.499,10405.0
0,z0_rolling390,S1,3.0,5,0.013,0.077,5.29,0.456,5887.0
0,z0_rolling390,S1,3.0,15,0.005,0.115,4.95,0.476,5851.0
0,z0_rolling390,S1,3.0,30,0.01,0.15,4.99,0.49,5794.0
0,z0_rolling390,S1,3.0,60,0.022,0.232,5.37,0.492,5692.0
0,z0_rolling390,S1,3.0,120,-0.029,0.197,3.27,0.5,5421.0
0,z0_rolling390,S2,1.5,5,0.026,0.035,5.47,0.449,42377.0
0,z0_rolling390,S2,1.5,15,0.036,0.064,5.9,0.483,41116.0
0,z0_rolling390,S2,1.5,30,0.028,0.053,2.98,0.489,39436.0
0,z0_rolling390,S2,1.5,60,0.017,0.084,3.09,0.493,36448.0
0,z0_rolling390,S2,1.5,120,0.009,0.162,4.2,0.498,30819.0
0,z0_rolling390,S2,2.0,5,0.034,0.05,5.5,0.458,24510.0
0,z0_rolling390,S2,2.0,15,0.038,0.077,5.29,0.482,23903.0
0,z0_rolling390,S2,2.0,30,0.041,0.112,5.19,0.499,23159.0
0,z0_rolling390,S2,2.0,60,0.047,0.194,5.98,0.501,21913.0
0,z0_rolling390,S2,2.0,120,0.025,0.231,5.48,0.503,19497.0
0,z0_rolling390,S2,2.5,5,0.033,0.044,3.26,0.464,11980.0
0,z0_rolling390,S2,2.5,15,0.044,0.097,4.99,0.49,11827.0
0,z0_rolling390,S2,2.5,30,0.04,0.131,4.64,0.499,11578.0
0,z0_rolling390,S2,2.5,60,0.056,0.219,5.47,0.498,11109.0
0,z0_rolling390,S2,2.5,120,0.051,0.258,5.14,0.509,10266.0
0,z0_rolling390,S2,3.0,5,0.037,0.067,3.87,0.476,5441.0
0,z0_rolling390,S2,3.0,15,0.04,0.131,5.19,0.483,5400.0
0,z0_rolling390,S2,3.0,30,0.027,0.137,3.79,0.494,5359.0
0,z0_rolling390,S2,3.0,60,0.018,0.179,3.57,0.478,5224.0
0,z0_rolling390,S2,3.0,120,-0.03,0.16,2.48,0.491,4975.0
0,z0_rolling390,S3,1.5,5,0.033,0.047,6.47,0.454,40325.0
0,z0_rolling390,S3,1.5,15,0.041,0.092,7.73,0.479,39248.0
0,z0_rolling390,S3,1.5,30,0.038,0.126,6.61,0.49,37851.0
0,z0_rolling390,S3,1.5,60,0.025,0.175,5.89,0.492,35400.0
0,z0_rolling390,S3,1.5,120,-0.007,0.237,5.26,0.489,30470.0
0,z0_rolling390,S3,2.0,5,0.027,0.064,6.92,0.459,24510.0
0,z0_rolling390,S3,2.0,15,0.027,0.112,7.71,0.482,24024.0
0,z0_rolling390,S3,2.0,30,0.028,0.17,7.25,0.491,23445.0
0,z0_rolling390,S3,2.0,60,0.006,0.253,7.18,0.487,22402.0
0,z0_rolling390,S3,2.0,120,-0.017,0.391,7.88,0.489,20474.0
0,z0_rolling390,S3,2.5,5,0.035,0.097,7.47,0.465,12449.0
0,z0_rolling390,S3,2.5,15,0.046,0.173,8.01,0.489,12325.0
0,z0_rolling390,S3,2.5,30,0.052,0.256,8.75,0.501,12157.0
0,z0_rolling390,S3,2.5,60,0.044,0.38,9.44,0.492,11848.0
0,z0_rolling390,S3,2.5,120,-0.002,0.421,7.58,0.492,11232.0
0,z0_rolling390,S3,3.0,5,0.025,0.08,4.71,0.464,6058.0
0,z0_rolling390,S3,3.0,15,0.05,0.167,6.59,0.491,6033.0
0,z0_rolling390,S3,3.0,30,0.081,0.282,8.17,0.508,5997.0
0,z0_rolling390,S3,3.0,60,0.058,0.335,7.13,0.498,5898.0
0,z0_rolling390,S3,3.0,120,-0.009,0.359,5.64,0.487,5702.0
1,z1_session_anchored,S1,1.5,5,0.028,0.025,5.49,0.452,61590.0
1,z1_session_anchored,S1,1.5,15,0.035,0.024,2.55,0.481,60100.0
1,z1_session_anchored,S1,1.5,30,0.04,0.027,1.85,0.496,57953.0
1,z1_session_anchored,S1,1.5,60,0.04,0.049,2.46,0.503,53545.0
1,z1_session_anchored,S1,1.5,120,0.022,0.079,2.6,0.502,44108.0
1,z1_session_anchored,S1,2.0,5,0.046,0.051,8.26,0.462,32786.0
1,z1_session_anchored,S1,2.0,15,0.05,0.058,5.57,0.492,31949.0
1,z1_session_anchored,S1,2.0,30,0.059,0.078,4.62,0.505,30755.0
1,z1_session_anchored,S1,2.0,60,0.072,0.13,5.4,0.514,28244.0
1,z1_session_anchored,S1,2.0,120,0.05,0.163,4.72,0.513,22973.0
1,z1_session_anchored,S1,2.5,5,0.045,0.072,7.24,0.468,12806.0
1,z1_session_anchored,S1,2.5,15,0.059,0.105,7.16,0.497,12480.0
1,z1_session_anchored,S1,2.5,30,0.059,0.116,5.53,0.514,11977.0
1,z1_session_anchored,S1,2.5,60,0.071,0.158,5.5,0.524,10972.0
1,z1_session_anchored,S1,2.5,120,0.073,0.194,4.82,0.517,8851.0
1,z1_session_anchored,S1,3.0,5,0.043,0.09,5.32,0.473,3931.0
1,z1_session_anchored,S1,3.0,15,0.025,0.088,3.66,0.494,3855.0
1,z1_session_anchored,S1,3.0,30,0.031,0.131,3.95,0.521,3729.0
1,z1_session_anchored,S1,3.0,60,-0.002,0.11,2.56,0.508,3434.0
1,z1_session_anchored,S1,3.0,120,-0.051,0.163,2.63,0.505,2754.0
1,z1_session_anchored,S2,1.5,5,0.031,0.032,7.99,0.452,62097.0
1,z1_session_anchored,S2,1.5,15,0.037,0.029,3.65,0.481,60687.0
1,z1_session_anchored,S2,1.5,30,0.042,0.034,2.73,0.498,58552.0
1,z1_session_anchored,S2,1.5,60,0.049,0.055,2.69,0.505,54215.0
1,z1_session_anchored,S2,1.5,120,0.017,0.065,2.02,0.504,44581.0
1,z1_session_anchored,S2,2.0,5,0.052,0.055,9.34,0.465,31814.0
1,z1_session_anchored,S2,2.0,15,0.068,0.076,7.64,0.498,31017.0
1,z1_session_anchored,S2,2.0,30,0.085,0.105,6.55,0.512,29899.0
1,z1_session_anchored,S2,2.0,60,0.087,0.131,5.36,0.517,27606.0
1,z1_session_anchored,S2,2.0,120,0.055,0.131,3.54,0.518,22617.0
1,z1_session_anchored,S2,2.5,5,0.056,0.083,7.97,0.469,12111.0
1,z1_session_anchored,S2,2.5,15,0.075,0.114,7.45,0.505,11836.0
1,z1_session_anchored,S2,2.5,30,0.093,0.153,7.18,0.523,11404.0
1,z1_session_anchored,S2,2.5,60,0.091,0.195,6.47,0.523,10462.0
1,z1_session_anchored,S2,2.5,120,0.035,0.18,3.99,0.526,8529.0
1,z1_session_anchored,S2,3.0,5,0.046,0.083,4.69,0.479,3567.0
1,z1_session_anchored,S2,3.0,15,0.065,0.111,4.59,0.504,3489.0
1,z1_session_anchored,S2,3.0,30,0.066,0.149,4.76,0.526,3369.0
1,z1_session_anchored,S2,3.0,60,0.062,0.128,2.88,0.511,3096.0
1,z1_session_anchored,S2,3.0,120,0.006,0.15,2.35,0.513,2505.0
1,z1_session_anchored,S3,1.5,5,0.04,0.04,8.26,0.455,60487.0
1,z1_session_anchored,S3,1.5,15,0.048,0.042,4.67,0.485,59097.0
1,z1_session_anchored,S3,1.5,30,0.048,0.046,3.3,0.496,56951.0
1,z1_session_anchored,S3,1.5,60,0.043,0.071,3.28,0.501,52666.0
1,z1_session_anchored,S3,1.5,120,0.019,0.113,3.45,0.496,43278.0
1,z1_session_anchored,S3,2.0,5,0.052,0.059,8.62,0.463,30215.0
1,z1_session_anchored,S3,2.0,15,0.062,0.075,6.38,0.492,29498.0
1,z1_session_anchored,S3,2.0,30,0.058,0.077,4.25,0.499,28415.0
1,z1_session_anchored,S3,2.0,60,0.05,0.107,4.0,0.505,26182.0
1,z1_session_anchored,S3,2.0,120,0.011,0.16,4.26,0.494,21562.0
1,z1_session_anchored,S3,2.5,5,0.049,0.078,6.44,0.466,11497.0
1,z1_session_anchored,S3,2.5,15,0.078,0.128,7.31,0.498,11249.0
1,z1_session_anchored,S3,2.5,30,0.07,0.138,5.57,0.507,10884.0
1,z1_session_anchored,S3,2.5,60,0.062,0.169,5.05,0.507,9989.0
1,z1_session_anchored,S3,2.5,120,-0.012,0.166,3.64,0.488,8133.0
1,z1_session_anchored,S3,3.0,5,0.052,0.126,5.84,0.48,3509.0
1,z1_session_anchored,S3,3.0,15,0.082,0.181,6.36,0.497,3446.0
1,z1_session_anchored,S3,3.0,30,0.093,0.203,5.43,0.526,3365.0
1,z1_session_anchored,S3,3.0,60,0.063,0.162,3.13,0.504,3083.0
1,z1_session_anchored,S3,3.0,120,-0.002,0.169,2.57,0.494,2521.0
2,z2_open_excluded,S1,1.5,5,0.022,0.042,7.16,0.444,37757.0
2,z2_open_excluded,S1,1.5,15,0.036,0.081,8.04,0.479,36478.0
2,z2_open_excluded,S1,1.5,30,0.038,0.124,7.67,0.493,34869.0
2,z2_open_excluded,S1,1.5,60,0.04,0.172,6.72,0.504,31994.0
2,z2_open_excluded,S1,1.5,120,0.038,0.249,6.16,0.505,26711.0
2,z2_open_excluded,S1,2.0,5,0.035,0.082,9.45,0.458,21679.0
2,z2_open_excluded,S1,2.0,15,0.038,0.13,9.33,0.483,21076.0
2,z2_open_excluded,S1,2.0,30,0.045,0.196,9.56,0.496,20295.0
2,z2_open_excluded,S1,2.0,60,0.043,0.287,9.71,0.507,18969.0
2,z2_open_excluded,S1,2.0,120,0.023,0.357,8.1,0.505,16521.0
2,z2_open_excluded,S1,2.5,5,0.037,0.106,8.94,0.464,9178.0
2,z2_open_excluded,S1,2.5,15,0.048,0.193,10.42,0.482,8969.0
2,z2_open_excluded,S1,2.5,30,0.049,0.252,9.19,0.496,8729.0
2,z2_open_excluded,S1,2.5,60,0.064,0.304,8.98,0.503,8302.0
2,z2_open_excluded,S1,2.5,120,0.068,0.314,6.2,0.512,7370.0
2,z2_open_excluded,S1,3.0,5,0.038,0.125,6.87,0.464,3246.0
2,z2_open_excluded,S1,3.0,15,0.036,0.189,6.79,0.487,3210.0
2,z2_open_excluded,S1,3.0,30,0.081,0.298,8.3,0.516,3159.0
2,z2_open_excluded,S1,3.0,60,0.11,0.319,6.55,0.519,3062.0
2,z2_open_excluded,S1,3.0,120,0.07,0.31,4.39,0.526,2791.0
2,z2_open_excluded,S2,1.5,5,0.027,0.048,7.18,0.448,39012.0
2,z2_open_excluded,S2,1.5,15,0.038,0.087,7.79,0.483,37751.0
2,z2_open_excluded,S2,1.5,30,0.033,0.112,6.57,0.489,36074.0
2,z2_open_excluded,S2,1.5,60,0.023,0.146,5.37,0.495,33091.0
2,z2_open_excluded,S2,1.5,120,0.026,0.228,5.85,0.502,27462.0
2,z2_open_excluded,S2,2.0,5,0.037,0.076,6.62,0.456,21234.0
2,z2_open_excluded,S2,2.0,15,0.045,0.12,7.68,0.484,20627.0
2,z2_open_excluded,S2,2.0,30,0.054,0.188,8.03,0.502,19888.0
2,z2_open_excluded,S2,2.0,60,0.059,0.255,7.26,0.505,18644.0
2,z2_open_excluded,S2,2.0,120,0.049,0.292,6.59,0.508,16228.0
2,z2_open_excluded,S2,2.5,5,0.052,0.113,7.24,0.466,8860.0
2,z2_open_excluded,S2,2.5,15,0.074,0.181,8.8,0.5,8707.0
2,z2_open_excluded,S2,2.5,30,0.077,0.233,7.74,0.506,8461.0
2,z2_open_excluded,S2,2.5,60,0.093,0.3,6.88,0.506,7992.0
2,z2_open_excluded,S2,2.5,120,0.11,0.34,6.27,0.521,7149.0
2,z2_open_excluded,S2,3.0,5,0.08,0.133,5.65,0.489,2863.0
2,z2_open_excluded,S2,3.0,15,0.093,0.194,6.59,0.505,2822.0
2,z2_open_excluded,S2,3.0,30,0.124,0.231,5.56,0.524,2781.0
2,z2_open_excluded,S2,3.0,60,0.113,0.235,3.86,0.5,2646.0
2,z2_open_excluded,S2,3.0,120,0.074,0.209,2.62,0.509,2397.0
2,z2_open_excluded,S3,1.5,5,0.035,0.063,8.12,0.453,37036.0
2,z2_open_excluded,S3,1.5,15,0.046,0.128,9.8,0.479,35959.0
2,z2_open_excluded,S3,1.5,30,0.045,0.186,9.09,0.491,34562.0
2,z2_open_excluded,S3,1.5,60,0.033,0.25,8.03,0.494,32113.0
2,z2_open_excluded,S3,1.5,120,0.005,0.32,6.87,0.49,27183.0
2,z2_open_excluded,S3,2.0,5,0.029,0.086,8.21,0.457,21244.0
2,z2_open_excluded,S3,2.0,15,0.029,0.16,10.31,0.481,20758.0
2,z2_open_excluded,S3,2.0,30,0.027,0.244,10.79,0.491,20182.0
2,z2_open_excluded,S3,2.0,60,0.005,0.333,10.08,0.487,19142.0
2,z2_open_excluded,S3,2.0,120,-0.014,0.422,8.42,0.49,17214.0
2,z2_open_excluded,S3,2.5,5,0.049,0.151,10.29,0.466,9388.0
2,z2_open_excluded,S3,2.5,15,0.06,0.243,11.33,0.491,9264.0
2,z2_open_excluded,S3,2.5,30,0.065,0.337,11.44,0.501,9097.0
2,z2_open_excluded,S3,2.5,60,0.047,0.43,10.49,0.491,8790.0
2,z2_open_excluded,S3,2.5,120,0.002,0.442,7.52,0.492,8174.0
2,z2_open_excluded,S3,3.0,5,0.046,0.14,6.32,0.471,3353.0
2,z2_open_excluded,S3,3.0,15,0.077,0.24,8.02,0.498,3328.0
2,z2_open_excluded,S3,3.0,30,0.108,0.342,8.63,0.516,3292.0
2,z2_open_excluded,S3,3.0,60,0.08,0.374,6.81,0.502,3193.0
2,z2_open_excluded,S3,3.0,120,-0.018,0.343,4.77,0.486,2997.0
O,zO_open_only_EXPLORATORY,S1,1.5,5,0.012,0.01,0.51,0.463,3230.0
O,zO_open_only_EXPLORATORY,S1,1.5,15,-0.015,-0.026,-0.97,0.48,3230.0
O,zO_open_only_EXPLORATORY,S1,1.5,30,-0.069,-0.123,-3.49,0.467,3230.0
O,zO_open_only_EXPLORATORY,S1,1.5,60,-0.09,-0.121,-2.54,0.477,3228.0
O,zO_open_only_EXPLORATORY,S1,1.5,120,-0.136,-0.138,-2.37,0.473,3228.0
O,zO_open_only_EXPLORATORY,S1,2.0,5,-0.02,-0.014,-0.78,0.457,3232.0
O,zO_open_only_EXPLORATORY,S1,2.0,15,-0.041,-0.039,-1.35,0.468,3232.0
O,zO_open_only_EXPLORATORY,S1,2.0,30,-0.123,-0.146,-3.87,0.45,3232.0
O,zO_open_only_EXPLORATORY,S1,2.0,60,-0.115,-0.124,-2.39,0.472,3230.0
O,zO_open_only_EXPLORATORY,S1,2.0,120,-0.124,-0.145,-2.29,0.48,3230.0
O,zO_open_only_EXPLORATORY,S1,2.5,5,-0.022,-0.014,-0.7,0.451,3038.0
O,zO_open_only_EXPLORATORY,S1,2.5,15,-0.042,-0.042,-1.4,0.47,3038.0
O,zO_open_only_EXPLORATORY,S1,2.5,30,-0.107,-0.134,-3.28,0.467,3037.0
O,zO_open_only_EXPLORATORY,S1,2.5,60,-0.112,-0.095,-1.74,0.457,3035.0
O,zO_open_only_EXPLORATORY,S1,2.5,120,-0.189,-0.182,-2.65,0.47,3035.0
O,zO_open_only_EXPLORATORY,S1,3.0,5,-0.017,0.009,0.44,0.448,2641.0
O,zO_open_only_EXPLORATORY,S1,3.0,15,-0.034,-0.015,-0.48,0.463,2641.0
O,zO_open_only_EXPLORATORY,S1,3.0,30,-0.075,-0.114,-2.62,0.46,2635.0
O,zO_open_only_EXPLORATORY,S1,3.0,60,-0.082,-0.077,-1.35,0.46,2630.0
O,zO_open_only_EXPLORATORY,S1,3.0,120,-0.134,-0.132,-1.78,0.473,2630.0
