signal,signal_label,spec,entry_z,delay,matched,horizon_bars,mean_bps,mean_session_bps,t_clustered,hit_rate,n_events
0,z0_rolling390,S1,1.5,1,False,5,0.086,-0.626,-3.73,0.499,14397.0
0,z0_rolling390,S1,1.5,1,True,5,0.08,-0.648,-3.74,0.499,13902.0
0,z0_rolling390,S1,1.5,2,True,5,0.135,-0.463,-2.75,0.499,13902.0
0,z0_rolling390,S1,1.5,5,True,5,-0.036,-0.433,-3.16,0.499,13902.0
0,z0_rolling390,S1,1.5,15,True,5,0.073,-0.173,-1.38,0.504,13902.0
0,z0_rolling390,S1,1.5,1,False,15,0.103,-1.293,-4.6,0.499,14007.0
0,z0_rolling390,S1,1.5,1,True,15,0.094,-1.365,-4.75,0.5,13595.0
0,z0_rolling390,S1,1.5,2,True,15,0.082,-1.318,-4.72,0.501,13595.0
0,z0_rolling390,S1,1.5,5,True,15,0.058,-0.955,-3.77,0.5,13595.0
0,z0_rolling390,S1,1.5,15,True,15,-0.002,-0.595,-2.47,0.497,13595.0
0,z0_rolling390,S1,1.5,1,False,30,0.027,-1.857,-4.55,0.498,13569.0
0,z0_rolling390,S1,1.5,1,True,30,0.05,-1.831,-4.41,0.498,13206.0
0,z0_rolling390,S1,1.5,2,True,30,0.102,-1.665,-4.04,0.504,13206.0
0,z0_rolling390,S1,1.5,5,True,30,0.081,-1.305,-3.39,0.499,13206.0
0,z0_rolling390,S1,1.5,15,True,30,0.176,-0.722,-1.91,0.505,13206.0
0,z0_rolling390,S1,1.5,1,False,60,0.24,-1.969,-3.36,0.504,12817.0
0,z0_rolling390,S1,1.5,1,True,60,0.244,-1.884,-3.18,0.504,12511.0
0,z0_rolling390,S1,1.5,2,True,60,0.255,-1.716,-2.93,0.505,12511.0
0,z0_rolling390,S1,1.5,5,True,60,0.153,-1.354,-2.43,0.5,12511.0
0,z0_rolling390,S1,1.5,15,True,60,0.142,-0.667,-1.3,0.5,12511.0
0,z0_rolling390,S1,1.5,1,False,120,0.023,-1.075,-1.4,0.499,11408.0
0,z0_rolling390,S1,1.5,1,True,120,-0.044,-1.08,-1.39,0.499,11053.0
0,z0_rolling390,S1,1.5,2,True,120,-0.004,-0.908,-1.18,0.497,11053.0
0,z0_rolling390,S1,1.5,5,True,120,-0.134,-0.599,-0.81,0.502,11053.0
0,z0_rolling390,S1,1.5,15,True,120,-0.009,0.134,0.19,0.503,11053.0
0,z0_rolling390,S1,2.0,1,False,5,0.178,-0.309,-1.49,0.499,9867.0
0,z0_rolling390,S1,2.0,1,True,5,0.186,-0.267,-1.25,0.499,9604.0
0,z0_rolling390,S1,2.0,2,True,5,0.178,-0.232,-1.14,0.504,9604.0
0,z0_rolling390,S1,2.0,5,True,5,-0.026,-0.292,-1.62,0.493,9604.0
0,z0_rolling390,S1,2.0,15,True,5,-0.127,-0.168,-0.95,0.488,9604.0
0,z0_rolling390,S1,2.0,1,False,15,-0.062,-0.762,-2.17,0.495,9662.0
0,z0_rolling390,S1,2.0,1,True,15,-0.041,-0.716,-2.02,0.495,9482.0
0,z0_rolling390,S1,2.0,2,True,15,-0.036,-0.648,-1.91,0.496,9482.0
0,z0_rolling390,S1,2.0,5,True,15,-0.246,-0.558,-1.78,0.493,9482.0
0,z0_rolling390,S1,2.0,15,True,15,-0.056,-0.001,-0.0,0.498,9482.0
0,z0_rolling390,S1,2.0,1,False,30,0.025,-0.491,-0.96,0.498,9471.0
0,z0_rolling390,S1,2.0,1,True,30,0.066,-0.429,-0.83,0.498,9320.0
0,z0_rolling390,S1,2.0,2,True,30,0.031,-0.441,-0.87,0.496,9320.0
0,z0_rolling390,S1,2.0,5,True,30,-0.113,-0.195,-0.41,0.502,9320.0
0,z0_rolling390,S1,2.0,15,True,30,-0.055,0.503,1.12,0.501,9320.0
0,z0_rolling390,S1,2.0,1,False,60,-0.017,0.699,1.01,0.496,9177.0
0,z0_rolling390,S1,2.0,1,True,60,-0.017,0.877,1.24,0.497,9055.0
0,z0_rolling390,S1,2.0,2,True,60,-0.079,0.935,1.36,0.496,9055.0
0,z0_rolling390,S1,2.0,5,True,60,-0.154,1.27,1.89,0.5,9055.0
0,z0_rolling390,S1,2.0,15,True,60,-0.062,1.693,2.78,0.502,9055.0
0,z0_rolling390,S1,2.0,1,False,120,0.219,2.645,3.08,0.5,8642.0
0,z0_rolling390,S1,2.0,1,True,120,0.173,2.602,3.03,0.498,8528.0
0,z0_rolling390,S1,2.0,2,True,120,0.189,2.646,3.16,0.501,8528.0
0,z0_rolling390,S1,2.0,5,True,120,0.082,2.891,3.54,0.506,8528.0
0,z0_rolling390,S1,2.0,15,True,120,0.261,3.299,4.3,0.504,8528.0
0,z0_rolling390,S1,2.5,1,False,5,0.205,0.221,0.71,0.496,6163.0
0,z0_rolling390,S1,2.5,1,True,5,0.209,0.257,0.81,0.496,6070.0
0,z0_rolling390,S1,2.5,2,True,5,-0.057,0.04,0.14,0.491,6070.0
0,z0_rolling390,S1,2.5,5,True,5,0.222,0.302,1.29,0.5,6070.0
0,z0_rolling390,S1,2.5,15,True,5,0.146,0.54,2.26,0.5,6070.0
0,z0_rolling390,S1,2.5,1,False,15,0.436,1.143,2.28,0.509,6084.0
0,z0_rolling390,S1,2.5,1,True,15,0.449,1.195,2.36,0.509,6029.0
0,z0_rolling390,S1,2.5,2,True,15,0.242,1.103,2.33,0.506,6029.0
0,z0_rolling390,S1,2.5,5,True,15,0.37,1.315,3.16,0.506,6029.0
0,z0_rolling390,S1,2.5,15,True,15,0.236,1.209,2.93,0.504,6029.0
0,z0_rolling390,S1,2.5,1,False,30,0.677,2.403,3.59,0.512,6024.0
0,z0_rolling390,S1,2.5,1,True,30,0.703,2.427,3.61,0.513,5986.0
0,z0_rolling390,S1,2.5,2,True,30,0.455,2.16,3.42,0.505,5986.0
0,z0_rolling390,S1,2.5,5,True,30,0.53,2.273,3.9,0.502,5986.0
0,z0_rolling390,S1,2.5,15,True,30,0.292,2.16,3.93,0.499,5986.0
0,z0_rolling390,S1,2.5,1,False,60,0.854,3.869,4.63,0.517,5930.0
0,z0_rolling390,S1,2.5,1,True,60,0.826,3.934,4.71,0.517,5891.0
0,z0_rolling390,S1,2.5,2,True,60,0.522,3.625,4.5,0.511,5891.0
0,z0_rolling390,S1,2.5,5,True,60,0.56,3.782,4.93,0.51,5891.0
0,z0_rolling390,S1,2.5,15,True,60,0.345,3.314,4.78,0.505,5891.0
0,z0_rolling390,S1,2.5,1,False,120,0.903,5.095,5.12,0.507,5754.0
0,z0_rolling390,S1,2.5,1,True,120,0.876,5.143,5.15,0.507,5714.0
0,z0_rolling390,S1,2.5,2,True,120,0.614,4.816,4.97,0.505,5714.0
0,z0_rolling390,S1,2.5,5,True,120,0.575,4.765,5.1,0.503,5714.0
0,z0_rolling390,S1,2.5,15,True,120,0.482,3.915,4.56,0.499,5714.0
0,z0_rolling390,S1,3.0,1,False,5,0.601,1.022,2.07,0.502,3817.0
0,z0_rolling390,S1,3.0,1,True,5,0.587,0.999,2.01,0.502,3784.0
0,z0_rolling390,S1,3.0,2,True,5,0.367,0.783,1.8,0.51,3784.0
0,z0_rolling390,S1,3.0,5,True,5,0.128,0.757,2.66,0.502,3784.0
0,z0_rolling390,S1,3.0,15,True,5,0.425,1.116,3.09,0.51,3784.0
0,z0_rolling390,S1,3.0,1,False,15,0.762,2.277,3.3,0.519,3788.0
0,z0_rolling390,S1,3.0,1,True,15,0.762,2.272,3.28,0.519,3773.0
0,z0_rolling390,S1,3.0,2,True,15,0.562,2.128,3.36,0.505,3773.0
0,z0_rolling390,S1,3.0,5,True,15,0.661,2.517,4.41,0.513,3773.0
0,z0_rolling390,S1,3.0,15,True,15,0.774,2.023,3.7,0.521,3773.0
0,z0_rolling390,S1,3.0,1,False,30,1.785,4.616,5.69,0.528,3772.0
0,z0_rolling390,S1,3.0,1,True,30,1.77,4.606,5.67,0.528,3763.0
0,z0_rolling390,S1,3.0,2,True,30,1.496,4.196,5.49,0.519,3763.0
0,z0_rolling390,S1,3.0,5,True,30,1.308,4.147,5.3,0.514,3763.0
0,z0_rolling390,S1,3.0,15,True,30,0.607,2.897,4.5,0.516,3763.0
0,z0_rolling390,S1,3.0,1,False,60,1.666,5.572,5.7,0.517,3746.0
0,z0_rolling390,S1,3.0,1,True,60,1.704,5.624,5.74,0.517,3728.0
0,z0_rolling390,S1,3.0,2,True,60,1.427,5.245,5.49,0.515,3728.0
0,z0_rolling390,S1,3.0,5,True,60,1.118,4.749,5.14,0.516,3728.0
0,z0_rolling390,S1,3.0,15,True,60,0.52,3.063,3.56,0.499,3728.0
0,z0_rolling390,S1,3.0,1,False,120,2.372,6.305,5.31,0.515,3679.0
0,z0_rolling390,S1,3.0,1,True,120,2.355,6.244,5.26,0.515,3675.0
0,z0_rolling390,S1,3.0,2,True,120,2.026,5.84,5.09,0.516,3675.0
0,z0_rolling390,S1,3.0,5,True,120,1.813,5.396,4.71,0.504,3675.0
0,z0_rolling390,S1,3.0,15,True,120,1.464,3.59,3.44,0.504,3675.0
0,z0_rolling390,S2,1.5,1,False,5,0.148,-0.068,-0.66,0.501,14663.0
0,z0_rolling390,S2,1.5,1,True,5,0.186,-0.029,-0.28,0.502,13964.0
0,z0_rolling390,S2,1.5,2,True,5,0.1,-0.151,-1.51,0.499,13964.0
0,z0_rolling390,S2,1.5,5,True,5,-0.047,-0.377,-3.92,0.495,13964.0
0,z0_rolling390,S2,1.5,15,True,5,-0.103,-0.269,-2.98,0.501,13964.0
0,z0_rolling390,S2,1.5,1,False,15,-0.026,-0.669,-3.52,0.499,14117.0
0,z0_rolling390,S2,1.5,1,True,15,0.012,-0.601,-3.12,0.5,13545.0
0,z0_rolling390,S2,1.5,2,True,15,-0.063,-0.692,-3.72,0.501,13545.0
0,z0_rolling390,S2,1.5,5,True,15,-0.192,-0.795,-4.37,0.499,13545.0
0,z0_rolling390,S2,1.5,15,True,15,-0.09,-0.417,-2.59,0.495,13545.0
0,z0_rolling390,S2,1.5,1,False,30,-0.056,-0.952,-3.39,0.498,13515.0
0,z0_rolling390,S2,1.5,1,True,30,-0.014,-0.914,-3.16,0.499,13060.0
0,z0_rolling390,S2,1.5,2,True,30,-0.068,-0.943,-3.4,0.497,13060.0
0,z0_rolling390,S2,1.5,5,True,30,-0.181,-1.001,-3.67,0.497,13060.0
0,z0_rolling390,S2,1.5,15,True,30,-0.124,-0.516,-2.07,0.495,13060.0
0,z0_rolling390,S2,1.5,1,False,60,-0.151,-1.297,-3.14,0.494,12523.0
0,z0_rolling390,S2,1.5,1,True,60,-0.091,-1.224,-2.94,0.496,12139.0
0,z0_rolling390,S2,1.5,2,True,60,-0.194,-1.28,-3.13,0.491,12139.0
0,z0_rolling390,S2,1.5,5,True,60,-0.258,-1.24,-3.09,0.495,12139.0
0,z0_rolling390,S2,1.5,15,True,60,-0.114,-0.589,-1.6,0.495,12139.0
0,z0_rolling390,S2,1.5,1,False,120,-0.214,-0.828,-1.49,0.493,10775.0
0,z0_rolling390,S2,1.5,1,True,120,-0.242,-0.787,-1.4,0.493,10431.0
0,z0_rolling390,S2,1.5,2,True,120,-0.289,-0.832,-1.5,0.493,10431.0
0,z0_rolling390,S2,1.5,5,True,120,-0.512,-0.885,-1.64,0.488,10431.0
0,z0_rolling390,S2,1.5,15,True,120,-0.461,-0.357,-0.72,0.487,10431.0
0,z0_rolling390,S2,2.0,1,False,5,0.051,-0.136,-0.92,0.5,9402.0
0,z0_rolling390,S2,2.0,1,True,5,0.102,-0.083,-0.55,0.502,8980.0
0,z0_rolling390,S2,2.0,2,True,5,0.079,-0.106,-0.77,0.496,8980.0
0,z0_rolling390,S2,2.0,5,True,5,0.028,-0.168,-1.36,0.502,8980.0
0,z0_rolling390,S2,2.0,15,True,5,0.016,0.126,1.04,0.498,8980.0
0,z0_rolling390,S2,2.0,1,False,15,-0.065,-0.455,-1.92,0.501,9091.0
0,z0_rolling390,S2,2.0,1,True,15,-0.021,-0.331,-1.39,0.502,8768.0
0,z0_rolling390,S2,2.0,2,True,15,-0.059,-0.238,-1.02,0.498,8768.0
0,z0_rolling390,S2,2.0,5,True,15,-0.109,-0.217,-0.94,0.493,8768.0
0,z0_rolling390,S2,2.0,15,True,15,-0.042,0.178,0.82,0.498,8768.0
0,z0_rolling390,S2,2.0,1,False,30,-0.106,-0.2,-0.58,0.501,8753.0
0,z0_rolling390,S2,2.0,1,True,30,-0.139,-0.184,-0.52,0.498,8516.0
0,z0_rolling390,S2,2.0,2,True,30,-0.177,-0.142,-0.41,0.497,8516.0
0,z0_rolling390,S2,2.0,5,True,30,-0.311,-0.114,-0.33,0.492,8516.0
0,z0_rolling390,S2,2.0,15,True,30,-0.28,0.28,0.89,0.488,8516.0
0,z0_rolling390,S2,2.0,1,False,60,-0.664,-0.072,-0.14,0.483,8269.0
0,z0_rolling390,S2,2.0,1,True,60,-0.549,0.054,0.11,0.485,8078.0
0,z0_rolling390,S2,2.0,2,True,60,-0.583,0.107,0.21,0.484,8078.0
0,z0_rolling390,S2,2.0,5,True,60,-0.639,0.079,0.16,0.482,8078.0
0,z0_rolling390,S2,2.0,15,True,60,-0.7,0.492,1.1,0.479,8078.0
0,z0_rolling390,S2,2.0,1,False,120,-0.353,1.319,2.11,0.488,7447.0
0,z0_rolling390,S2,2.0,1,True,120,-0.385,1.45,2.3,0.488,7298.0
0,z0_rolling390,S2,2.0,2,True,120,-0.42,1.521,2.45,0.489,7298.0
0,z0_rolling390,S2,2.0,5,True,120,-0.464,1.438,2.4,0.482,7298.0
0,z0_rolling390,S2,2.0,15,True,120,-0.461,1.579,2.76,0.482,7298.0
0,z0_rolling390,S2,2.5,1,False,5,0.236,0.481,2.07,0.503,5543.0
0,z0_rolling390,S2,2.5,1,True,5,0.264,0.481,2.11,0.505,5353.0
0,z0_rolling390,S2,2.5,2,True,5,0.152,0.328,1.55,0.496,5353.0
0,z0_rolling390,S2,2.5,5,True,5,-0.061,0.053,0.31,0.5,5353.0
0,z0_rolling390,S2,2.5,15,True,5,0.01,0.158,0.94,0.5,5353.0
0,z0_rolling390,S2,2.5,1,False,15,-0.065,0.41,1.15,0.491,5384.0
0,z0_rolling390,S2,2.5,1,True,15,-0.07,0.394,1.09,0.49,5260.0
0,z0_rolling390,S2,2.5,2,True,15,-0.11,0.424,1.24,0.49,5260.0
0,z0_rolling390,S2,2.5,5,True,15,-0.213,0.317,1.04,0.483,5260.0
0,z0_rolling390,S2,2.5,15,True,15,-0.217,0.285,1.04,0.497,5260.0
0,z0_rolling390,S2,2.5,1,False,30,-0.251,0.746,1.61,0.492,5254.0
0,z0_rolling390,S2,2.5,1,True,30,-0.277,0.733,1.56,0.491,5168.0
0,z0_rolling390,S2,2.5,2,True,30,-0.418,0.625,1.39,0.486,5168.0
0,z0_rolling390,S2,2.5,5,True,30,-0.582,0.631,1.54,0.479,5168.0
0,z0_rolling390,S2,2.5,15,True,30,-0.674,0.601,1.56,0.478,5168.0
0,z0_rolling390,S2,2.5,1,False,60,-1.132,1.176,1.91,0.485,5063.0
0,z0_rolling390,S2,2.5,1,True,60,-1.052,1.289,2.09,0.486,4994.0
0,z0_rolling390,S2,2.5,2,True,60,-1.135,1.223,2.05,0.479,4994.0
0,z0_rolling390,S2,2.5,5,True,60,-1.228,1.27,2.29,0.476,4994.0
0,z0_rolling390,S2,2.5,15,True,60,-1.164,1.139,2.15,0.47,4994.0
0,z0_rolling390,S2,2.5,1,False,120,-1.074,2.375,3.14,0.47,4726.0
0,z0_rolling390,S2,2.5,1,True,120,-1.017,2.402,3.16,0.47,4673.0
0,z0_rolling390,S2,2.5,2,True,120,-1.157,2.281,3.06,0.466,4673.0
0,z0_rolling390,S2,2.5,5,True,120,-1.225,2.055,2.9,0.466,4673.0
0,z0_rolling390,S2,2.5,15,True,120,-1.15,1.723,2.46,0.465,4673.0
0,z0_rolling390,S2,3.0,1,False,5,0.357,0.869,2.84,0.506,3159.0
0,z0_rolling390,S2,3.0,1,True,5,0.356,0.88,2.94,0.506,3066.0
0,z0_rolling390,S2,3.0,2,True,5,0.404,0.819,2.96,0.513,3066.0
0,z0_rolling390,S2,3.0,5,True,5,0.137,0.514,1.7,0.503,3066.0
0,z0_rolling390,S2,3.0,15,True,5,-0.068,0.171,0.73,0.505,3066.0
0,z0_rolling390,S2,3.0,1,False,15,0.172,1.523,3.23,0.492,3079.0
0,z0_rolling390,S2,3.0,1,True,15,0.165,1.563,3.26,0.494,3031.0
0,z0_rolling390,S2,3.0,2,True,15,0.148,1.445,3.21,0.489,3031.0
0,z0_rolling390,S2,3.0,5,True,15,-0.197,0.932,2.43,0.483,3031.0
0,z0_rolling390,S2,3.0,15,True,15,-0.269,0.631,1.66,0.488,3031.0
0,z0_rolling390,S2,3.0,1,False,30,-0.222,2.081,3.37,0.491,3030.0
0,z0_rolling390,S2,3.0,1,True,30,-0.194,2.101,3.4,0.49,3004.0
0,z0_rolling390,S2,3.0,2,True,30,-0.33,1.895,3.22,0.486,3004.0
0,z0_rolling390,S2,3.0,5,True,30,-0.621,1.472,2.85,0.481,3004.0
0,z0_rolling390,S2,3.0,15,True,30,-0.861,0.894,1.87,0.471,3004.0
0,z0_rolling390,S2,3.0,1,False,60,-1.136,2.341,2.91,0.472,2962.0
0,z0_rolling390,S2,3.0,1,True,60,-1.015,2.443,3.04,0.474,2933.0
0,z0_rolling390,S2,3.0,2,True,60,-1.128,2.142,2.77,0.471,2933.0
0,z0_rolling390,S2,3.0,5,True,60,-1.312,1.768,2.39,0.463,2933.0
0,z0_rolling390,S2,3.0,15,True,60,-1.54,0.675,1.03,0.469,2933.0
0,z0_rolling390,S2,3.0,1,False,120,-0.715,3.388,3.51,0.472,2841.0
0,z0_rolling390,S2,3.0,1,True,120,-0.812,3.306,3.43,0.472,2824.0
0,z0_rolling390,S2,3.0,2,True,120,-0.904,3.0,3.22,0.47,2824.0
0,z0_rolling390,S2,3.0,5,True,120,-1.103,2.502,2.74,0.469,2824.0
0,z0_rolling390,S2,3.0,15,True,120,-1.151,1.527,1.78,0.47,2824.0
0,z0_rolling390,S3,1.5,1,False,5,0.156,-0.622,-2.94,0.5,14184.0
0,z0_rolling390,S3,1.5,1,False,15,0.442,-1.031,-3.2,0.504,13812.0
0,z0_rolling390,S3,1.5,1,False,30,0.661,-1.487,-3.22,0.509,13406.0
0,z0_rolling390,S3,1.5,1,False,60,0.66,-1.611,-2.38,0.504,12722.0
0,z0_rolling390,S3,1.5,1,False,120,0.675,-0.687,-0.76,0.499,11370.0
0,z0_rolling390,S3,2.0,1,False,5,0.093,-0.467,-1.97,0.5,9715.0
0,z0_rolling390,S3,2.0,1,False,15,0.357,-0.644,-1.55,0.516,9523.0
0,z0_rolling390,S3,2.0,1,False,30,0.822,-0.209,-0.34,0.512,9357.0
0,z0_rolling390,S3,2.0,1,False,60,0.782,1.184,1.41,0.507,9076.0
0,z0_rolling390,S3,2.0,1,False,120,0.699,3.14,3.07,0.5,8536.0
0,z0_rolling390,S3,2.5,1,False,5,0.197,0.374,1.2,0.492,6084.0
0,z0_rolling390,S3,2.5,1,False,15,0.219,1.433,2.64,0.502,6009.0
0,z0_rolling390,S3,2.5,1,False,30,0.559,2.569,3.35,0.503,5945.0
0,z0_rolling390,S3,2.5,1,False,60,1.311,5.15,5.22,0.513,5850.0
0,z0_rolling390,S3,2.5,1,False,120,1.526,6.322,5.37,0.508,5646.0
0,z0_rolling390,S3,3.0,1,False,5,0.999,1.321,2.14,0.512,3680.0
0,z0_rolling390,S3,3.0,1,False,15,1.283,2.823,3.44,0.52,3656.0
0,z0_rolling390,S3,3.0,1,False,30,2.14,5.249,5.62,0.526,3636.0
0,z0_rolling390,S3,3.0,1,False,60,2.444,7.265,6.21,0.519,3609.0
0,z0_rolling390,S3,3.0,1,False,120,2.707,7.889,5.63,0.51,3533.0
2,z2_open_excluded,S1,1.5,1,False,5,0.069,0.121,0.95,0.498,11795.0
2,z2_open_excluded,S1,1.5,1,True,5,0.061,0.162,1.24,0.497,11300.0
2,z2_open_excluded,S1,1.5,2,True,5,0.08,0.185,1.39,0.496,11300.0
2,z2_open_excluded,S1,1.5,5,True,5,-0.004,0.086,0.72,0.5,11300.0
2,z2_open_excluded,S1,1.5,15,True,5,0.154,0.289,2.83,0.506,11300.0
2,z2_open_excluded,S1,1.5,1,False,15,0.076,0.384,1.67,0.497,11405.0
2,z2_open_excluded,S1,1.5,1,True,15,0.064,0.359,1.54,0.498,10993.0
2,z2_open_excluded,S1,1.5,2,True,15,0.111,0.393,1.68,0.5,10993.0
2,z2_open_excluded,S1,1.5,5,True,15,0.136,0.399,1.78,0.503,10993.0
2,z2_open_excluded,S1,1.5,15,True,15,-0.006,0.392,1.84,0.498,10993.0
2,z2_open_excluded,S1,1.5,1,False,30,0.003,0.74,2.05,0.498,10967.0
2,z2_open_excluded,S1,1.5,1,True,30,0.032,0.783,2.13,0.497,10604.0
2,z2_open_excluded,S1,1.5,2,True,30,0.097,0.872,2.39,0.505,10604.0
2,z2_open_excluded,S1,1.5,5,True,30,0.091,0.801,2.3,0.499,10604.0
2,z2_open_excluded,S1,1.5,15,True,30,0.225,0.911,2.77,0.505,10604.0
2,z2_open_excluded,S1,1.5,1,False,60,0.382,1.729,3.48,0.506,10215.0
2,z2_open_excluded,S1,1.5,1,True,60,0.391,1.83,3.64,0.506,9909.0
2,z2_open_excluded,S1,1.5,2,True,60,0.453,1.885,3.81,0.507,9909.0
2,z2_open_excluded,S1,1.5,5,True,60,0.42,1.716,3.62,0.501,9909.0
2,z2_open_excluded,S1,1.5,15,True,60,0.531,1.832,3.99,0.503,9909.0
2,z2_open_excluded,S1,1.5,1,False,120,0.58,2.884,4.15,0.503,8806.0
2,z2_open_excluded,S1,1.5,1,True,120,0.517,2.817,4.03,0.503,8451.0
2,z2_open_excluded,S1,1.5,2,True,120,0.573,2.806,4.09,0.499,8451.0
2,z2_open_excluded,S1,1.5,5,True,120,0.478,2.57,3.82,0.506,8451.0
2,z2_open_excluded,S1,1.5,15,True,120,0.642,2.45,3.74,0.509,8451.0
2,z2_open_excluded,S1,2.0,1,False,5,0.205,0.608,3.75,0.501,7578.0
2,z2_open_excluded,S1,2.0,1,True,5,0.217,0.676,4.05,0.502,7315.0
2,z2_open_excluded,S1,2.0,2,True,5,0.19,0.691,4.06,0.504,7315.0
2,z2_open_excluded,S1,2.0,5,True,5,-0.026,0.446,2.86,0.49,7315.0
2,z2_open_excluded,S1,2.0,15,True,5,-0.119,0.323,2.19,0.485,7315.0
2,z2_open_excluded,S1,2.0,1,False,15,-0.093,1.108,3.56,0.494,7373.0
2,z2_open_excluded,S1,2.0,1,True,15,-0.066,1.201,3.8,0.495,7193.0
2,z2_open_excluded,S1,2.0,2,True,15,-0.05,1.258,3.86,0.493,7193.0
2,z2_open_excluded,S1,2.0,5,True,15,-0.297,0.918,2.99,0.492,7193.0
2,z2_open_excluded,S1,2.0,15,True,15,-0.066,0.958,3.45,0.495,7193.0
2,z2_open_excluded,S1,2.0,1,False,30,-0.078,2.159,4.82,0.498,7182.0
2,z2_open_excluded,S1,2.0,1,True,30,-0.026,2.278,5.03,0.498,7031.0
2,z2_open_excluded,S1,2.0,2,True,30,-0.073,2.29,5.05,0.495,7031.0
2,z2_open_excluded,S1,2.0,5,True,30,-0.185,1.994,4.51,0.5,7031.0
2,z2_open_excluded,S1,2.0,15,True,30,-0.14,1.638,3.88,0.498,7031.0
2,z2_open_excluded,S1,2.0,1,False,60,0.046,3.463,5.42,0.497,6888.0
2,z2_open_excluded,S1,2.0,1,True,60,0.047,3.507,5.5,0.498,6766.0
2,z2_open_excluded,S1,2.0,2,True,60,0.017,3.514,5.58,0.494,6766.0
2,z2_open_excluded,S1,2.0,5,True,60,-0.108,2.957,4.88,0.498,6766.0
2,z2_open_excluded,S1,2.0,15,True,60,0.125,2.54,4.47,0.506,6766.0
2,z2_open_excluded,S1,2.0,1,False,120,0.359,4.668,5.87,0.501,6353.0
2,z2_open_excluded,S1,2.0,1,True,120,0.298,4.544,5.76,0.499,6239.0
2,z2_open_excluded,S1,2.0,2,True,120,0.326,4.541,5.83,0.5,6239.0
2,z2_open_excluded,S1,2.0,5,True,120,0.277,4.162,5.53,0.505,6239.0
2,z2_open_excluded,S1,2.0,15,True,120,0.536,3.502,4.71,0.509,6239.0
2,z2_open_excluded,S1,2.5,1,False,5,0.026,0.974,3.55,0.49,4223.0
2,z2_open_excluded,S1,2.5,1,True,5,0.029,1.081,3.86,0.491,4130.0
2,z2_open_excluded,S1,2.5,2,True,5,-0.187,0.973,4.18,0.481,4130.0
2,z2_open_excluded,S1,2.5,5,True,5,0.362,1.302,5.64,0.498,4130.0
2,z2_open_excluded,S1,2.5,15,True,5,0.076,0.579,3.11,0.508,4130.0
2,z2_open_excluded,S1,2.5,1,False,15,0.666,2.973,6.2,0.514,4144.0
2,z2_open_excluded,S1,2.5,1,True,15,0.689,3.008,6.21,0.514,4089.0
2,z2_open_excluded,S1,2.5,2,True,15,0.528,2.979,6.79,0.516,4089.0
2,z2_open_excluded,S1,2.5,5,True,15,0.689,2.677,6.65,0.512,4089.0
2,z2_open_excluded,S1,2.5,15,True,15,0.066,1.16,3.38,0.505,4089.0
2,z2_open_excluded,S1,2.5,1,False,30,0.612,4.093,6.64,0.514,4084.0
2,z2_open_excluded,S1,2.5,1,True,30,0.649,4.079,6.57,0.515,4046.0
2,z2_open_excluded,S1,2.5,2,True,30,0.512,3.978,6.84,0.505,4046.0
2,z2_open_excluded,S1,2.5,5,True,30,0.732,3.599,6.65,0.505,4046.0
2,z2_open_excluded,S1,2.5,15,True,30,0.136,1.807,3.51,0.494,4046.0
2,z2_open_excluded,S1,2.5,1,False,60,1.178,5.28,6.6,0.524,3990.0
2,z2_open_excluded,S1,2.5,1,True,60,1.14,5.373,6.75,0.524,3951.0
2,z2_open_excluded,S1,2.5,2,True,60,0.885,4.978,6.53,0.519,3951.0
2,z2_open_excluded,S1,2.5,5,True,60,1.015,4.547,6.19,0.515,3951.0
2,z2_open_excluded,S1,2.5,15,True,60,0.412,2.435,3.59,0.506,3951.0
2,z2_open_excluded,S1,2.5,1,False,120,1.154,6.355,6.54,0.513,3814.0
2,z2_open_excluded,S1,2.5,1,True,120,1.115,6.387,6.54,0.512,3774.0
2,z2_open_excluded,S1,2.5,2,True,120,0.867,5.979,6.31,0.507,3774.0
2,z2_open_excluded,S1,2.5,5,True,120,0.876,5.318,5.75,0.505,3774.0
2,z2_open_excluded,S1,2.5,15,True,120,0.29,3.064,3.53,0.499,3774.0
2,z2_open_excluded,S1,3.0,1,False,5,0.52,2.104,4.85,0.496,2199.0
2,z2_open_excluded,S1,3.0,1,True,5,0.494,2.047,4.68,0.496,2166.0
2,z2_open_excluded,S1,3.0,2,True,5,0.354,1.754,5.15,0.511,2166.0
2,z2_open_excluded,S1,3.0,5,True,5,0.151,1.294,4.32,0.506,2166.0
2,z2_open_excluded,S1,3.0,15,True,5,0.269,0.609,2.27,0.512,2166.0
2,z2_open_excluded,S1,3.0,1,False,15,0.798,4.293,6.12,0.524,2170.0
2,z2_open_excluded,S1,3.0,1,True,15,0.798,4.265,6.04,0.524,2155.0
2,z2_open_excluded,S1,3.0,2,True,15,0.547,3.574,6.02,0.511,2155.0
2,z2_open_excluded,S1,3.0,5,True,15,0.382,2.7,5.15,0.516,2155.0
2,z2_open_excluded,S1,3.0,15,True,15,0.412,1.065,2.34,0.523,2155.0
2,z2_open_excluded,S1,3.0,1,False,30,1.189,5.306,6.23,0.534,2154.0
2,z2_open_excluded,S1,3.0,1,True,30,1.161,5.281,6.16,0.534,2145.0
2,z2_open_excluded,S1,3.0,2,True,30,0.819,4.433,5.85,0.517,2145.0
2,z2_open_excluded,S1,3.0,5,True,30,0.742,3.561,5.1,0.515,2145.0
2,z2_open_excluded,S1,3.0,15,True,30,0.394,1.652,2.42,0.509,2145.0
2,z2_open_excluded,S1,3.0,1,False,60,1.421,6.107,5.67,0.513,2128.0
2,z2_open_excluded,S1,3.0,1,True,60,1.486,6.184,5.73,0.513,2110.0
2,z2_open_excluded,S1,3.0,2,True,60,1.353,5.55,5.36,0.512,2110.0
2,z2_open_excluded,S1,3.0,5,True,60,1.23,4.515,4.49,0.511,2110.0
2,z2_open_excluded,S1,3.0,15,True,60,0.829,1.785,1.86,0.503,2110.0
2,z2_open_excluded,S1,3.0,1,False,120,2.449,6.767,5.14,0.507,2061.0
2,z2_open_excluded,S1,3.0,1,True,120,2.419,6.676,5.07,0.507,2057.0
2,z2_open_excluded,S1,3.0,2,True,120,2.129,5.891,4.71,0.511,2057.0
2,z2_open_excluded,S1,3.0,5,True,120,1.938,4.739,3.85,0.498,2057.0
2,z2_open_excluded,S1,3.0,15,True,120,1.529,2.243,1.9,0.496,2057.0
2,z2_open_excluded,S2,1.5,1,False,5,0.09,0.077,0.88,0.501,12532.0
2,z2_open_excluded,S2,1.5,1,True,5,0.131,0.157,1.85,0.502,11833.0
2,z2_open_excluded,S2,1.5,2,True,5,0.057,0.09,1.03,0.497,11833.0
2,z2_open_excluded,S2,1.5,5,True,5,-0.001,0.062,0.73,0.495,11833.0
2,z2_open_excluded,S2,1.5,15,True,5,-0.082,-0.072,-0.88,0.501,11833.0
2,z2_open_excluded,S2,1.5,1,False,15,0.055,0.152,0.92,0.502,11986.0
2,z2_open_excluded,S2,1.5,1,True,15,0.104,0.314,1.91,0.503,11414.0
2,z2_open_excluded,S2,1.5,2,True,15,0.03,0.235,1.5,0.503,11414.0
2,z2_open_excluded,S2,1.5,5,True,15,-0.027,0.154,1.01,0.502,11414.0
2,z2_open_excluded,S2,1.5,15,True,15,-0.129,0.015,0.1,0.493,11414.0
2,z2_open_excluded,S2,1.5,1,False,30,-0.002,0.425,1.74,0.5,11384.0
2,z2_open_excluded,S2,1.5,1,True,30,0.05,0.503,2.0,0.501,10929.0
2,z2_open_excluded,S2,1.5,2,True,30,-0.033,0.418,1.73,0.498,10929.0
2,z2_open_excluded,S2,1.5,5,True,30,-0.088,0.324,1.35,0.5,10929.0
2,z2_open_excluded,S2,1.5,15,True,30,-0.253,0.206,0.89,0.494,10929.0
2,z2_open_excluded,S2,1.5,1,False,60,-0.131,0.746,2.01,0.498,10392.0
2,z2_open_excluded,S2,1.5,1,True,60,-0.058,0.858,2.27,0.499,10008.0
2,z2_open_excluded,S2,1.5,2,True,60,-0.18,0.788,2.11,0.493,10008.0
2,z2_open_excluded,S2,1.5,5,True,60,-0.204,0.712,1.96,0.498,10008.0
2,z2_open_excluded,S2,1.5,15,True,60,-0.17,0.636,1.86,0.495,10008.0
2,z2_open_excluded,S2,1.5,1,False,120,-0.191,1.377,2.71,0.495,8644.0
2,z2_open_excluded,S2,1.5,1,True,120,-0.226,1.492,2.88,0.495,8300.0
2,z2_open_excluded,S2,1.5,2,True,120,-0.276,1.395,2.72,0.495,8300.0
2,z2_open_excluded,S2,1.5,5,True,120,-0.465,1.172,2.33,0.491,8300.0
2,z2_open_excluded,S2,1.5,15,True,120,-0.626,0.817,1.74,0.485,8300.0
2,z2_open_excluded,S2,2.0,1,False,5,0.03,0.134,1.1,0.503,7488.0
2,z2_open_excluded,S2,2.0,1,True,5,0.093,0.289,2.53,0.506,7066.0
2,z2_open_excluded,S2,2.0,2,True,5,0.033,0.275,2.45,0.493,7066.0
2,z2_open_excluded,S2,2.0,5,True,5,0.055,0.179,1.72,0.503,7066.0
2,z2_open_excluded,S2,2.0,15,True,5,0.039,0.275,2.57,0.498,7066.0
2,z2_open_excluded,S2,2.0,1,False,15,-0.0,0.434,1.85,0.501,7177.0
2,z2_open_excluded,S2,2.0,1,True,15,0.06,0.714,3.32,0.501,6854.0
2,z2_open_excluded,S2,2.0,2,True,15,-0.087,0.609,2.92,0.495,6854.0
2,z2_open_excluded,S2,2.0,5,True,15,0.011,0.616,2.97,0.493,6854.0
2,z2_open_excluded,S2,2.0,15,True,15,0.009,0.708,3.96,0.505,6854.0
2,z2_open_excluded,S2,2.0,1,False,30,0.109,1.454,4.73,0.506,6839.0
2,z2_open_excluded,S2,2.0,1,True,30,0.074,1.477,4.75,0.503,6602.0
2,z2_open_excluded,S2,2.0,2,True,30,-0.029,1.354,4.45,0.5,6602.0
2,z2_open_excluded,S2,2.0,5,True,30,-0.167,1.07,3.74,0.495,6602.0
2,z2_open_excluded,S2,2.0,15,True,30,-0.206,0.944,3.58,0.496,6602.0
2,z2_open_excluded,S2,2.0,1,False,60,-0.507,1.685,3.84,0.488,6355.0
2,z2_open_excluded,S2,2.0,1,True,60,-0.352,1.866,4.21,0.491,6164.0
2,z2_open_excluded,S2,2.0,2,True,60,-0.446,1.755,4.02,0.489,6164.0
2,z2_open_excluded,S2,2.0,5,True,60,-0.409,1.587,3.75,0.487,6164.0
2,z2_open_excluded,S2,2.0,15,True,60,-0.541,1.314,3.26,0.486,6164.0
2,z2_open_excluded,S2,2.0,1,False,120,-0.028,3.026,5.09,0.496,5533.0
2,z2_open_excluded,S2,2.0,1,True,120,-0.063,3.089,5.16,0.497,5384.0
2,z2_open_excluded,S2,2.0,2,True,120,-0.16,2.92,4.94,0.495,5384.0
2,z2_open_excluded,S2,2.0,5,True,120,-0.189,2.635,4.54,0.489,5384.0
2,z2_open_excluded,S2,2.0,15,True,120,-0.326,2.152,3.81,0.485,5384.0
2,z2_open_excluded,S2,2.5,1,False,5,0.061,0.491,2.43,0.503,3962.0
2,z2_open_excluded,S2,2.5,1,True,5,0.091,0.555,3.03,0.507,3772.0
2,z2_open_excluded,S2,2.5,2,True,5,0.014,0.399,2.23,0.497,3772.0
2,z2_open_excluded,S2,2.5,5,True,5,0.013,0.595,3.75,0.502,3772.0
2,z2_open_excluded,S2,2.5,15,True,5,0.022,0.22,1.41,0.501,3772.0
2,z2_open_excluded,S2,2.5,1,False,15,-0.228,1.024,3.32,0.487,3803.0
2,z2_open_excluded,S2,2.5,1,True,15,-0.24,0.996,3.23,0.486,3679.0
2,z2_open_excluded,S2,2.5,2,True,15,-0.298,0.874,2.99,0.487,3679.0
2,z2_open_excluded,S2,2.5,5,True,15,-0.181,1.04,3.66,0.485,3679.0
2,z2_open_excluded,S2,2.5,15,True,15,-0.302,0.237,0.96,0.499,3679.0
2,z2_open_excluded,S2,2.5,1,False,30,-0.514,1.304,3.08,0.493,3673.0
2,z2_open_excluded,S2,2.5,1,True,30,-0.558,1.289,3.0,0.491,3587.0
2,z2_open_excluded,S2,2.5,2,True,30,-0.657,1.112,2.71,0.486,3587.0
2,z2_open_excluded,S2,2.5,5,True,30,-0.676,1.094,2.69,0.48,3587.0
2,z2_open_excluded,S2,2.5,15,True,30,-0.703,0.372,0.98,0.479,3587.0
2,z2_open_excluded,S2,2.5,1,False,60,-1.208,1.573,2.74,0.487,3482.0
2,z2_open_excluded,S2,2.5,1,True,60,-1.092,1.761,3.06,0.489,3413.0
2,z2_open_excluded,S2,2.5,2,True,60,-1.165,1.525,2.73,0.483,3413.0
2,z2_open_excluded,S2,2.5,5,True,60,-1.136,1.502,2.75,0.481,3413.0
2,z2_open_excluded,S2,2.5,15,True,60,-1.004,0.652,1.22,0.473,3413.0
2,z2_open_excluded,S2,2.5,1,False,120,-1.43,2.209,2.75,0.465,3145.0
2,z2_open_excluded,S2,2.5,1,True,120,-1.351,2.198,2.71,0.465,3092.0
2,z2_open_excluded,S2,2.5,2,True,120,-1.504,1.813,2.3,0.46,3092.0
2,z2_open_excluded,S2,2.5,5,True,120,-1.393,1.697,2.19,0.459,3092.0
2,z2_open_excluded,S2,2.5,15,True,120,-1.271,0.77,1.0,0.462,3092.0
2,z2_open_excluded,S2,3.0,1,False,5,0.401,1.533,3.89,0.519,1831.0
2,z2_open_excluded,S2,3.0,1,True,5,0.401,1.445,3.95,0.52,1738.0
2,z2_open_excluded,S2,3.0,2,True,5,0.418,1.347,5.13,0.525,1738.0
2,z2_open_excluded,S2,3.0,5,True,5,0.04,0.756,2.69,0.502,1738.0
2,z2_open_excluded,S2,3.0,15,True,5,0.161,0.398,1.77,0.521,1738.0
2,z2_open_excluded,S2,3.0,1,False,15,-0.045,2.232,4.35,0.492,1751.0
2,z2_open_excluded,S2,3.0,1,True,15,-0.063,2.238,4.24,0.495,1703.0
2,z2_open_excluded,S2,3.0,2,True,15,-0.152,1.823,3.96,0.488,1703.0
2,z2_open_excluded,S2,3.0,5,True,15,-0.319,1.193,2.79,0.478,1703.0
2,z2_open_excluded,S2,3.0,15,True,15,-0.428,0.356,0.91,0.49,1703.0
2,z2_open_excluded,S2,3.0,1,False,30,-0.601,2.4,3.58,0.496,1702.0
2,z2_open_excluded,S2,3.0,1,True,30,-0.557,2.425,3.59,0.496,1676.0
2,z2_open_excluded,S2,3.0,2,True,30,-0.756,1.917,3.05,0.49,1676.0
2,z2_open_excluded,S2,3.0,5,True,30,-1.063,1.141,1.88,0.471,1676.0
2,z2_open_excluded,S2,3.0,15,True,30,-1.111,-0.045,-0.09,0.477,1676.0
2,z2_open_excluded,S2,3.0,1,False,60,-1.628,1.533,1.7,0.468,1634.0
2,z2_open_excluded,S2,3.0,1,True,60,-1.417,1.696,1.87,0.471,1605.0
2,z2_open_excluded,S2,3.0,2,True,60,-1.55,1.211,1.41,0.466,1605.0
2,z2_open_excluded,S2,3.0,5,True,60,-1.624,0.47,0.56,0.457,1605.0
2,z2_open_excluded,S2,3.0,15,True,60,-1.1,-0.041,-0.05,0.483,1605.0
2,z2_open_excluded,S2,3.0,1,False,120,-0.291,3.072,2.81,0.498,1513.0
2,z2_open_excluded,S2,3.0,1,True,120,-0.47,2.949,2.71,0.498,1496.0
2,z2_open_excluded,S2,3.0,2,True,120,-0.621,2.387,2.25,0.498,1496.0
2,z2_open_excluded,S2,3.0,5,True,120,-0.848,1.571,1.48,0.486,1496.0
2,z2_open_excluded,S2,3.0,15,True,120,-0.633,0.536,0.54,0.485,1496.0
2,z2_open_excluded,S3,1.5,1,False,5,0.18,0.326,2.21,0.498,11648.0
2,z2_open_excluded,S3,1.5,1,False,15,0.364,0.827,3.06,0.503,11276.0
2,z2_open_excluded,S3,1.5,1,False,30,0.528,1.423,3.45,0.508,10870.0
2,z2_open_excluded,S3,1.5,1,False,60,0.725,2.429,4.13,0.503,10186.0
2,z2_open_excluded,S3,1.5,1,False,120,0.924,3.935,4.61,0.496,8834.0
2,z2_open_excluded,S3,2.0,1,False,5,0.202,0.667,3.45,0.504,7451.0
2,z2_open_excluded,S3,2.0,1,False,15,0.353,1.737,4.57,0.515,7259.0
2,z2_open_excluded,S3,2.0,1,False,30,0.669,2.939,5.46,0.515,7093.0
2,z2_open_excluded,S3,2.0,1,False,60,0.776,4.678,6.28,0.508,6812.0
2,z2_open_excluded,S3,2.0,1,False,120,0.83,6.084,6.41,0.497,6272.0
2,z2_open_excluded,S3,2.5,1,False,5,0.043,1.128,4.0,0.491,4110.0
2,z2_open_excluded,S3,2.5,1,False,15,0.383,3.293,6.1,0.504,4035.0
2,z2_open_excluded,S3,2.5,1,False,30,0.75,5.416,7.26,0.508,3971.0
2,z2_open_excluded,S3,2.5,1,False,60,1.53,7.029,7.2,0.518,3876.0
2,z2_open_excluded,S3,2.5,1,False,120,1.804,8.355,7.05,0.512,3672.0
2,z2_open_excluded,S3,3.0,1,False,5,0.847,2.573,5.19,0.512,2053.0
2,z2_open_excluded,S3,3.0,1,False,15,1.46,5.422,6.95,0.517,2029.0
2,z2_open_excluded,S3,3.0,1,False,30,1.618,6.353,6.33,0.519,2009.0
2,z2_open_excluded,S3,3.0,1,False,60,2.549,7.385,5.67,0.519,1982.0
2,z2_open_excluded,S3,3.0,1,False,120,3.231,8.306,5.34,0.501,1906.0
