sym,date,old,new,dte,gp,ar,vs,on_med,leak_ratio,splice,elevated,refetch_ar,final
M2K,2019-06-21,M2KM19,M2KU19,0,0.1957,-0.1083,0.905,0.0106,-0.553,clean,True,0.1957,data_side_leak
M2K,2019-09-20,M2KU19,M2KZ19,0,0.1599,0.0958,0.89,0.0106,0.599,partial,False,-0.0096,streaming_only_artifact
M2K,2019-12-20,M2KZ19,M2KH20,0,0.2457,0.2157,0.9,0.0106,0.878,leaked,True,0.2457,data_side_leak
M2K,2020-03-20,M2KH20,M2KM20,0,-1.0045,-0.4928,0.932,0.0106,0.491,partial,True,-1.0805,data_side_leak
M2K,2020-06-19,M2KM20,M2KU20,0,-0.2384,-0.2384,0.864,0.0106,1.0,leaked,True,-0.2489,data_side_leak
M2K,2020-09-18,M2KU20,M2KZ20,0,-0.3441,0.0065,0.925,0.0106,-0.019,clean,False,0.0065,clean
M2K,2020-12-18,M2KZ20,M2KH21,0,-0.162,-0.1519,0.874,0.0106,0.938,leaked,True,-0.1519,data_side_leak
M2K,2021-03-19,M2KH21,M2KM21,0,-0.1301,-0.1015,0.908,0.0106,0.78,leaked,False,-0.1213,data_side_leak
M2K,2021-06-18,M2KM21,M2KU21,0,-0.1789,-0.2311,0.89,0.0106,1.292,leaked,True,-0.1876,data_side_leak
M2K,2021-09-17,M2KU21,M2KZ21,0,-0.2397,-0.2285,0.804,0.0106,0.953,leaked,True,-0.2419,data_side_leak
M2K,2021-12-17,M2KZ21,M2KH22,0,-0.156,0.0093,0.831,0.0106,-0.06,clean,False,-0.1304,data_side_leak
M2K,2022-03-18,M2KH22,M2KM22,0,-0.229,-0.1317,0.825,0.0106,0.575,partial,True,-0.2144,data_side_leak
M2K,2022-06-17,M2KM22,M2KU22,0,-0.0542,0.0361,0.824,0.0106,,clean,False,0.0451,clean
M2K,2022-09-16,M2KU22,M2KZ22,0,0.3749,0.3915,0.708,0.0106,1.044,leaked,True,0.3749,data_side_leak
M2K,2022-12-16,M2KZ22,M2KH23,0,0.7217,0.6933,0.796,0.0106,0.961,leaked,True,0.7046,data_side_leak
M2K,2023-03-17,M2KH23,M2KM23,0,0.8766,-0.017,0.88,0.0106,-0.019,clean,False,-0.017,clean
M2K,2023-06-16,M2KM23,M2KU23,0,0.9485,0.0689,0.915,0.0106,0.073,clean,False,0.0186,clean
M2K,2023-09-15,M2KU23,M2KZ23,0,0.9956,1.0037,0.8,0.0106,1.008,leaked,True,1.0037,data_side_leak
M2K,2023-12-15,M2KZ23,M2KH24,0,1.0778,-0.0249,0.917,0.0106,-0.023,clean,False,0.0125,clean
M2K,2024-03-15,M2KH24,M2KM24,0,1.1787,0.0147,0.877,0.0106,0.012,clean,False,0.0098,clean
M2K,2024-06-21,M2KM24,M2KU24,0,1.1391,1.1592,0.855,0.0106,1.018,leaked,True,1.1592,data_side_leak
M2K,2024-09-20,M2KU24,M2KZ24,0,0.979,0.9454,0.856,0.0106,0.966,leaked,True,0.9902,data_side_leak
M2K,2024-12-20,M2KZ24,M2KH25,0,1.0419,1.1107,0.829,0.0106,1.066,leaked,True,1.0419,data_side_leak
M2K,2025-03-21,M2KH25,M2KM25,0,0.771,0.7588,0.864,0.0106,0.984,leaked,True,0.7588,data_side_leak
M2K,2025-06-20,M2KM25,M2KU25,0,0.7556,0.0,0.834,0.0106,0.0,clean,False,0.0,clean
M2K,2025-09-19,M2KU25,M2KZ25,0,0.7351,-0.004,0.871,0.0106,-0.005,clean,False,0.0263,clean
M2K,2025-12-19,M2KZ25,M2KH26,0,0.7437,0.7899,0.876,0.0106,1.062,leaked,True,0.7357,data_side_leak
M2K,2026-03-20,M2KH26,M2KM26,0,0.6161,0.6341,0.897,0.0106,1.029,leaked,True,0.6341,data_side_leak
MES,2019-06-21,MESM19,MESU19,0,0.1272,0.0088,0.946,0.0065,0.069,clean,False,0.1272,data_side_leak
MES,2019-09-20,MESU19,MESZ19,0,0.0332,0.0166,0.926,0.0065,,clean,False,0.0332,clean
MES,2019-12-20,MESZ19,MESH20,0,0.0935,0.0312,0.941,0.0065,,clean,False,0.0156,clean
MES,2020-03-18,MESH20,MESM20,2,-0.5277,-0.0414,0.855,0.0065,0.078,clean,False,-0.0414,clean
MES,2020-06-19,MESM20,MESU20,0,-0.345,-0.016,0.867,0.0065,0.046,clean,False,-0.016,clean
MES,2020-09-18,MESU20,MESZ20,0,-0.313,-0.0149,0.903,0.0065,0.048,clean,False,-0.0149,clean
MES,2020-12-18,MESZ20,MESH21,0,-0.2289,-0.2356,0.884,0.0065,1.029,leaked,True,-0.2356,data_side_leak
MES,2021-03-19,MESH21,MESM21,0,-0.2806,0.0319,0.894,0.0065,-0.114,clean,False,0.0319,clean
MES,2021-06-18,MESM21,MESU21,0,-0.2719,0.0177,0.919,0.0065,-0.065,clean,False,0.0177,clean
MES,2021-09-17,MESU21,MESZ21,0,-0.2347,0.0,0.875,0.0065,-0.0,clean,False,0.0,clean
MES,2021-12-17,MESZ21,MESH22,0,-0.2251,0.0322,0.878,0.0065,-0.143,clean,False,0.0161,clean
MES,2022-03-18,MESH22,MESM22,0,-0.1997,0.04,0.843,0.0065,-0.2,clean,False,0.0285,clean
MES,2022-06-17,MESM22,MESU22,0,0.1153,-0.0068,0.819,0.0065,-0.059,clean,False,-0.0068,clean
MES,2022-09-16,MESU22,MESZ22,0,0.4258,-0.0065,0.835,0.0065,-0.015,clean,False,-0.0065,clean
MES,2022-12-16,MESZ22,MESH23,0,0.7707,0.0064,0.82,0.0065,0.008,clean,False,0.0064,clean
MES,2023-03-17,MESH23,MESM23,0,0.8459,0.8395,0.848,0.0065,0.992,leaked,True,0.8459,data_side_leak
MES,2023-06-16,MESM23,MESU23,0,1.0066,-0.0113,0.845,0.0065,-0.011,clean,False,-0.0113,clean
MES,2023-09-15,MESU23,MESZ23,0,1.0796,0.0055,0.824,0.0065,0.005,clean,False,0.0055,clean
MES,2023-12-15,MESZ23,MESH24,0,1.1108,0.0,0.826,0.0065,0.0,clean,False,0.0,clean
MES,2024-03-15,MESH24,MESM24,0,1.2175,0.0,0.829,0.0065,0.0,clean,False,0.0,clean
MES,2024-06-21,MESM24,MESU24,0,1.2183,-0.0046,0.866,0.0065,-0.004,clean,False,-0.0046,clean
MES,2024-09-20,MESU24,MESZ24,0,1.0241,0.0044,0.832,0.0065,0.004,clean,False,0.0044,clean
MES,2024-12-20,MESZ24,MESH25,0,1.107,0.0085,0.858,0.0065,0.008,clean,False,0.0085,clean
MES,2025-03-21,MESH25,MESM25,0,0.8784,-0.0132,0.831,0.0065,-0.015,clean,False,-0.0132,clean
MES,2025-06-20,MESM25,MESU25,0,0.8754,0.0,0.824,0.0065,0.0,clean,False,0.0,clean
MES,2025-09-19,MESU25,MESZ25,0,0.8774,0.0075,0.866,0.0065,0.009,clean,False,0.0075,clean
MES,2025-12-19,MESZ25,MESH26,0,0.7816,-0.0037,0.854,0.0065,-0.005,clean,False,-0.0037,clean
MES,2026-03-20,MESH26,MESM26,0,0.7704,0.0113,0.872,0.0065,0.015,clean,False,0.0113,clean
MNQ,2019-06-21,MNQM19,MNQU19,0,0.2606,-0.0799,0.917,0.007,-0.307,clean,True,0.0,clean
MNQ,2019-09-20,MNQU19,MNQZ19,0,0.2495,0.2147,0.924,0.007,0.861,leaked,True,0.2416,data_side_leak
MNQ,2019-12-20,MNQZ19,MNQH20,0,0.3123,0.292,0.945,0.007,0.935,leaked,True,0.3123,data_side_leak
MNQ,2020-03-20,MNQH20,MNQM20,0,-0.1712,-0.1473,0.906,0.007,0.86,leaked,True,-0.2207,data_side_leak
MNQ,2020-06-19,MNQM20,MNQU20,0,-0.1422,-0.1472,0.896,0.007,1.035,leaked,True,-0.1472,data_side_leak
MNQ,2020-09-18,MNQU20,MNQZ20,0,-0.169,0.0248,0.832,0.007,-0.147,clean,False,0.0248,clean
MNQ,2020-12-18,MNQZ20,MNQH21,0,-0.0177,-0.002,0.837,0.007,,clean,False,-0.002,clean
MNQ,2021-03-19,MNQH21,MNQM21,0,-0.129,0.0274,0.855,0.007,-0.212,clean,False,0.0274,clean
MNQ,2021-06-18,MNQM21,MNQU21,0,-0.0827,0.0,0.878,0.007,,clean,False,0.0018,clean
MNQ,2021-09-17,MNQU21,MNQZ21,0,-0.0644,-0.0177,0.81,0.007,,clean,False,-0.0177,clean
MNQ,2021-12-17,MNQZ21,MNQH22,0,-0.082,0.0316,0.822,0.007,,clean,False,0.0316,clean
MNQ,2022-03-18,MNQH22,MNQM22,0,-0.0411,0.0393,0.78,0.007,,clean,False,0.0393,clean
MNQ,2022-06-17,MNQM22,MNQU22,0,0.315,0.0067,0.741,0.007,0.021,clean,False,0.0067,clean
MNQ,2022-09-16,MNQU22,MNQZ22,0,0.6128,-0.0148,0.779,0.007,-0.024,clean,False,-0.0148,clean
MNQ,2022-12-16,MNQZ22,MNQH23,0,0.9281,-0.0353,0.75,0.007,-0.038,clean,False,-0.0353,clean
MNQ,2023-03-17,MNQH23,MNQM23,0,1.0245,0.006,0.817,0.007,0.006,clean,False,0.0129,clean
MNQ,2023-06-16,MNQM23,MNQU23,0,1.1985,0.0033,0.818,0.007,0.003,clean,False,0.0033,clean
MNQ,2023-09-15,MNQU23,MNQZ23,0,1.2601,0.0064,0.82,0.007,0.005,clean,False,0.0064,clean
MNQ,2023-12-15,MNQZ23,MNQH24,0,1.3072,0.0091,0.785,0.007,0.007,clean,False,-0.0008,clean
MNQ,2024-03-15,MNQH24,MNQM24,0,1.3766,0.0028,0.805,0.007,0.002,clean,False,0.0028,clean
MNQ,2024-06-21,MNQM24,MNQU24,0,1.3494,-0.0164,0.846,0.007,-0.012,clean,False,-0.0164,clean
MNQ,2024-09-20,MNQU24,MNQZ24,0,1.1808,0.0101,0.829,0.007,0.009,clean,False,0.0101,clean
MNQ,2024-12-20,MNQZ24,MNQH25,0,1.2702,0.0036,0.804,0.007,0.003,clean,False,0.0036,clean
MNQ,2025-03-21,MNQH25,MNQM25,0,1.0319,-0.0241,0.79,0.007,-0.023,clean,False,-0.0241,clean
MNQ,2025-06-20,MNQM25,MNQU25,0,1.0194,-0.0035,0.848,0.007,-0.003,clean,False,-0.0035,clean
MNQ,2025-09-19,MNQU25,MNQZ25,0,1.0003,0.002,0.845,0.007,0.002,clean,False,0.002,clean
MNQ,2025-12-19,MNQZ25,MNQH26,0,0.9434,-0.006,0.842,0.007,-0.006,clean,False,-0.006,clean
MNQ,2026-03-20,MNQH26,MNQM26,0,0.8689,0.0154,0.897,0.007,0.018,clean,False,0.0154,clean
MYM,2019-06-21,MYMM19,MYMU19,0,0.0187,-0.0486,0.951,0.0066,,clean,False,-0.0374,clean
MYM,2019-09-20,MYMU19,MYMZ19,0,-0.0608,-0.0885,0.911,0.0066,,clean,True,-0.0664,elevated_ambiguous
MYM,2019-12-20,MYMZ19,MYMH20,0,0.0018,-0.007,0.94,0.0066,,clean,False,0.0018,clean
MYM,2020-03-20,MYMH20,MYMM20,0,-0.654,-0.649,0.883,0.0066,0.992,leaked,True,-0.7289,data_side_leak
MYM,2020-06-19,MYMM20,MYMU20,0,-0.4904,-0.4561,0.869,0.0066,0.93,leaked,True,-0.4904,data_side_leak
MYM,2020-09-18,MYMU20,MYMZ20,0,-0.4218,-0.4164,0.889,0.0066,0.987,leaked,True,-0.4164,data_side_leak
MYM,2020-12-18,MYMZ20,MYMH21,0,-0.3442,0.0,0.853,0.0066,-0.0,clean,False,0.0,clean
MYM,2021-03-19,MYMH21,MYMM21,0,-0.4098,-0.3856,0.834,0.0066,0.941,leaked,True,-0.3856,data_side_leak
MYM,2021-06-18,MYMM21,MYMU21,0,-0.3295,-0.3457,0.844,0.0066,1.049,leaked,True,-0.3457,data_side_leak
MYM,2021-09-17,MYMU21,MYMZ21,0,-0.3654,-0.3797,0.831,0.0066,1.039,leaked,True,-0.3668,data_side_leak
MYM,2021-12-17,MYMZ21,MYMH22,0,-0.283,-0.2621,0.814,0.0066,0.926,leaked,True,-0.2913,data_side_leak
MYM,2022-03-18,MYMH22,MYMM22,0,-0.318,-0.2656,0.808,0.0066,0.835,leaked,True,-0.302,data_side_leak
MYM,2022-06-17,MYMM22,MYMU22,0,-0.01,-0.0898,0.789,0.0066,,clean,True,-0.025,clean
MYM,2022-09-16,MYMU22,MYMZ22,0,0.2825,0.2792,0.774,0.0066,0.988,leaked,True,0.289,data_side_leak
MYM,2022-12-16,MYMZ22,MYMH23,0,0.6418,-0.0211,0.719,0.0066,-0.033,clean,False,-0.0211,clean
MYM,2023-03-17,MYMH23,MYMM23,0,0.7339,0.0008,0.778,0.0066,0.001,clean,False,0.0078,clean
MYM,2023-06-16,MYMM23,MYMU23,0,0.8721,0.0029,0.814,0.0066,0.003,clean,False,0.0029,clean
MYM,2023-09-15,MYMU23,MYMZ23,0,0.9643,0.0244,0.837,0.0066,0.025,clean,False,-0.0071,clean
MYM,2023-12-15,MYMZ23,MYMH24,0,0.9995,0.0027,0.832,0.0066,0.003,clean,False,0.0027,clean
MYM,2024-03-15,MYMH24,MYMM24,0,1.0843,0.0051,0.865,0.0066,0.005,clean,False,0.0051,clean
MYM,2024-06-21,MYMM24,MYMU24,0,1.0984,0.0,0.873,0.0066,0.0,clean,False,0.0,clean
MYM,2024-09-20,MYMU24,MYMZ24,0,0.9012,0.894,0.865,0.0066,0.992,leaked,True,0.9012,data_side_leak
MYM,2024-12-20,MYMZ24,MYMH25,0,1.0343,1.0439,0.83,0.0066,1.009,leaked,True,1.0379,data_side_leak
MYM,2025-03-21,MYMH25,MYMM25,0,0.772,-0.0286,0.853,0.0066,-0.037,clean,False,0.0071,clean
MYM,2025-06-20,MYMM25,MYMU25,0,0.7534,-0.0577,0.83,0.0066,-0.077,clean,False,0.0,clean
MYM,2025-09-19,MYMU25,MYMZ25,0,0.7519,0.7574,0.864,0.0066,1.007,leaked,True,0.7508,data_side_leak
MYM,2025-12-19,MYMZ25,MYMH26,0,0.671,0.6763,0.87,0.0066,1.008,leaked,True,0.671,data_side_leak
MYM,2026-03-20,MYMH26,MYMM26,0,0.6697,0.6763,0.89,0.0066,1.01,leaked,True,0.6828,data_side_leak
ZB,2019-08-29,ZBU19,ZBZ19,20,-0.4768,0.0,0.285,0.0172,-0.0,clean,False,-0.0188,clean
ZB,2019-11-27,ZBZ19,ZBH20,21,-0.4866,0.0,0.305,0.0172,-0.0,clean,False,0.0196,clean
ZB,2020-02-27,ZBH20,ZBM20,21,-0.604,0.0,0.288,0.0172,-0.0,clean,False,-0.0187,clean
ZB,2020-05-28,ZBM20,ZBU20,21,-0.8809,-0.8896,0.314,0.0172,1.01,leaked,True,-0.0088,streaming_only_artifact
ZB,2020-08-27,ZBU20,ZBZ20,24,-0.9379,-0.9292,0.176,0.0172,0.991,leaked,True,-0.0177,streaming_only_artifact
ZB,2020-11-27,ZBZ20,ZBH21,23,0.6318,0.2682,0.317,0.0172,0.425,partial,True,0.0,streaming_only_artifact
ZB,2021-02-25,ZBH21,ZBM21,24,-0.9602,0.0,0.226,0.0172,-0.0,clean,False,-0.0196,clean
ZB,2021-05-27,ZBM21,ZBU21,24,-1.0257,-0.0201,0.284,0.0172,0.02,clean,False,0.0,clean
ZB,2021-08-27,ZBU21,ZBZ21,24,-0.9429,-0.9524,0.18,0.0172,1.01,leaked,True,0.0,streaming_only_artifact
ZB,2021-11-26,ZBZ21,ZBH22,23,-0.9674,1.3403,0.244,0.0172,-1.385,clean,True,0.0195,clean
ZB,2022-02-25,ZBH22,ZBM22,24,1.1253,-0.0421,0.246,0.0172,-0.037,clean,False,0.0,clean
ZB,2022-05-27,ZBM22,ZBU22,24,-0.6942,-0.6833,0.306,0.0172,0.984,leaked,True,0.0,streaming_only_artifact
ZB,2022-08-28,ZBU22,ZBZ22,23,-0.4085,-0.2051,0.281,0.0172,0.502,partial,True,-0.2051,elevated_ambiguous
ZB,2022-11-25,ZBZ22,ZBH23,24,-0.1224,0.4902,0.228,0.0172,-4.005,clean,True,0.0122,clean
ZB,2023-02-26,ZBH23,ZBM23,23,0.8825,0.025,0.355,0.0172,0.028,clean,False,0.025,clean
ZB,2023-05-26,ZBM23,ZBU23,25,0.224,0.0249,0.165,0.0172,0.111,clean,False,0.0,clean
ZB,2023-08-28,ZBU23,ZBZ23,22,0.1694,0.1563,0.187,0.0172,0.923,leaked,False,-0.026,streaming_only_artifact
ZB,2023-11-29,ZBZ23,ZBH24,19,0.0267,0.0267,0.415,0.0172,,clean,False,-0.0133,clean
ZB,2024-02-28,ZBH24,ZBM24,19,0.0,0.0,0.382,0.0172,,clean,False,0.0,clean
ZB,2024-05-30,ZBM24,ZBU24,18,0.0545,0.0,0.482,0.0172,,clean,False,0.0272,clean
ZB,2024-08-28,ZBU24,ZBZ24,21,0.1635,0.1509,0.305,0.0172,0.923,leaked,False,0.0,streaming_only_artifact
ZB,2024-11-25,ZBZ24,ZBH25,23,0.1734,0.0,0.175,0.0172,0.0,clean,False,0.0,clean
ZB,2025-02-26,ZBH25,ZBM25,21,-0.2131,0.026,0.334,0.0172,-0.122,clean,False,0.0,clean
ZB,2025-05-26,ZBM25,ZBU25,22,-0.2952,0.0,0.23,0.0172,-0.0,clean,False,-0.0141,clean
ZB,2025-08-27,ZBU25,ZBZ25,22,-0.3415,-0.3551,0.366,0.0172,1.04,leaked,True,-0.0137,streaming_only_artifact
ZB,2025-11-24,ZBZ25,ZBH26,24,-0.2932,0.0,0.168,0.0172,-0.0,clean,False,0.0,clean
ZB,2026-02-26,ZBH26,ZBM26,21,-0.3313,-0.318,0.4,0.0172,0.96,leaked,True,-0.0266,streaming_only_artifact
ZF,2019-08-29,ZFU19,ZFZ19,31,0.3655,-0.0133,0.329,0.0,-0.036,clean,False,0.0033,clean
ZF,2019-11-27,ZFZ19,ZFH20,33,0.2795,0.2762,0.322,0.0,0.988,leaked,True,-0.0066,streaming_only_artifact
ZF,2020-02-26,ZFH20,ZFM20,33,0.381,0.0065,0.264,0.0,0.017,clean,False,-0.0064,clean
ZF,2020-05-28,ZFM20,ZFU20,32,-0.1462,-0.1493,0.351,0.0,1.021,leaked,True,0.0,streaming_only_artifact
ZF,2020-08-28,ZFU20,ZFZ20,32,0.0808,0.0,0.309,0.0,,clean,False,0.0,clean
ZF,2020-11-27,ZFZ20,ZFH21,33,0.2551,0.0558,0.349,0.0,0.219,clean,True,0.0,clean
ZF,2021-02-25,ZFH21,ZFM21,33,-0.3058,-0.0127,0.264,0.0,0.042,clean,False,-0.0031,clean
ZF,2021-05-27,ZFM21,ZFU21,33,-0.4459,0.0,0.306,0.0,-0.0,clean,False,0.0,clean
ZF,2021-08-27,ZFU21,ZFZ21,33,-0.3944,-0.3975,0.274,0.0,1.008,leaked,True,0.0,streaming_only_artifact
ZF,2021-11-26,ZFZ21,ZFH22,33,-0.507,0.4608,0.321,0.0,-0.909,clean,True,0.0,clean
ZF,2022-02-25,ZFH22,ZFM22,33,-0.285,-0.0134,0.341,0.0,0.047,clean,False,0.0066,clean
ZF,2022-05-27,ZFM22,ZFU22,33,-0.3534,-0.0069,0.361,0.0,0.02,clean,False,0.0,clean
ZF,2022-08-28,ZFU22,ZFZ22,32,0.0352,-0.0984,0.339,0.0,,clean,True,-0.0984,elevated_ambiguous
ZF,2022-11-25,ZFZ22,ZFH23,34,0.351,0.144,0.258,0.0,0.41,partial,True,0.0036,streaming_only_artifact
ZF,2023-02-24,ZFH23,ZFM23,34,0.4128,0.0,0.216,0.0,0.0,clean,False,0.0036,clean
ZF,2023-05-26,ZFM23,ZFU23,34,0.5507,0.0072,0.259,0.0,0.013,clean,False,0.0,clean
ZF,2023-08-28,ZFU23,ZFZ23,31,0.4844,-0.0074,0.221,0.0,-0.015,clean,False,0.0037,clean
ZF,2023-11-29,ZFZ23,ZFH24,29,0.4833,0.0146,0.452,0.0,0.03,clean,False,0.0,clean
ZF,2024-02-28,ZFH24,ZFM24,28,0.3709,0.3672,0.413,0.0,0.99,leaked,True,0.0,streaming_only_artifact
ZF,2024-05-28,ZFM24,ZFU24,30,0.374,0.0,0.181,0.0,0.0,clean,False,-0.0037,clean
ZF,2024-08-28,ZFU24,ZFZ24,32,0.5117,0.0,0.326,0.0,0.0,clean,False,0.0,clean
ZF,2024-11-25,ZFZ24,ZFH25,35,0.1903,0.0146,0.234,0.0,0.077,clean,False,0.0,clean
ZF,2025-02-26,ZFH25,ZFM25,32,0.1275,0.0,0.353,0.0,0.0,clean,False,0.0,clean
ZF,2025-05-26,ZFM25,ZFU25,34,0.0908,0.0,0.224,0.0,,clean,False,0.0,clean
ZF,2025-08-27,ZFU25,ZFZ25,33,0.1576,0.0,0.358,0.0,0.0,clean,False,0.0,clean
ZF,2025-11-24,ZFZ25,ZFH26,36,0.0855,-0.0071,0.189,0.0,,clean,False,0.0,clean
ZF,2026-02-25,ZFH26,ZFM26,33,0.0427,-0.0142,0.275,0.0,,clean,False,0.0,clean
ZN,2019-08-29,ZNU19,ZNZ19,20,0.4992,0.0,0.263,0.0112,0.0,clean,False,-0.0118,clean
ZN,2019-11-27,ZNZ19,ZNH20,21,0.0663,0.0723,0.295,0.0112,,clean,False,0.0,clean
ZN,2020-02-27,ZNH20,ZNM20,21,-0.0879,-0.0117,0.273,0.0112,,clean,False,-0.0234,clean
ZN,2020-05-28,ZNM20,ZNU20,21,-0.2023,-0.0112,0.3,0.0112,0.055,clean,False,0.0113,clean
ZN,2020-08-28,ZNU20,ZNZ20,23,-0.1125,0.0,0.28,0.0112,-0.0,clean,False,0.0,clean
ZN,2020-11-27,ZNZ20,ZNH21,23,-0.2711,0.0908,0.288,0.0112,-0.335,clean,False,0.0057,clean
ZN,2021-02-25,ZNH21,ZNM21,24,-0.8039,-0.7981,0.244,0.0112,0.993,leaked,True,0.0,streaming_only_artifact
ZN,2021-05-27,ZNM21,ZNU21,24,-0.6644,-0.6703,0.25,0.0112,1.009,leaked,True,0.0,streaming_only_artifact
ZN,2021-08-29,ZNU21,ZNZ21,22,-0.4201,0.0,0.359,0.0112,-0.0,clean,False,0.0,clean
ZN,2021-11-26,ZNZ21,ZNH22,23,-0.6019,0.6901,0.239,0.0112,-1.147,clean,True,0.012,clean
ZN,2022-02-25,ZNH22,ZNM22,24,-0.0494,-0.0371,0.294,0.0112,,clean,False,0.0124,clean
ZN,2022-05-27,ZNM22,ZNU22,24,-0.3044,-0.3108,0.298,0.0112,1.021,leaked,True,0.013,streaming_only_artifact
ZN,2022-08-28,ZNU22,ZNZ22,23,0.0798,-0.1329,0.308,0.0112,,clean,True,-0.1329,elevated_ambiguous
ZN,2022-11-25,ZNZ22,ZNH23,24,0.2625,0.1926,0.221,0.0112,0.734,leaked,True,0.0069,streaming_only_artifact
ZN,2023-02-24,ZNH23,ZNM23,25,0.4485,0.014,0.221,0.0112,0.031,clean,False,0.0139,clean
ZN,2023-05-26,ZNM23,ZNU23,25,0.6937,0.0,0.195,0.0112,0.0,clean,False,0.0,clean
ZN,2023-08-28,ZNU23,ZNZ23,22,0.4425,0.0,0.223,0.0112,0.0,clean,False,0.0,clean
ZN,2023-11-28,ZNZ23,ZNH24,20,0.3299,0.0,0.334,0.0112,0.0,clean,False,0.0,clean
ZN,2024-02-26,ZNH24,ZNM24,21,0.5112,-0.0142,0.183,0.0112,-0.028,clean,False,0.0071,clean
ZN,2024-05-30,ZNM24,ZNU24,18,0.2898,0.0,0.515,0.0112,0.0,clean,False,0.0144,clean
ZN,2024-08-28,ZNU24,ZNZ24,21,0.5092,0.0138,0.278,0.0112,0.027,clean,False,0.0,clean
ZN,2024-11-27,ZNZ24,ZNH25,21,0.1415,0.0,0.416,0.0112,0.0,clean,False,0.0141,clean
ZN,2025-02-26,ZNH25,ZNM25,21,0.0142,0.0,0.333,0.0112,,clean,False,0.0071,clean
ZN,2025-05-26,ZNM25,ZNU25,22,0.0071,0.0,0.166,0.0112,,clean,False,0.0071,clean
ZN,2025-08-27,ZNU25,ZNZ25,22,0.0209,0.0139,0.332,0.0112,,clean,False,-0.0139,clean
ZN,2025-11-24,ZNZ25,ZNH26,24,-0.0483,0.0138,0.151,0.0112,,clean,False,0.0,clean
ZN,2026-02-26,ZNH26,ZNM26,21,-0.0483,-0.0552,0.419,0.0112,,clean,False,0.0138,clean
ZT,2019-08-29,ZTU19,ZTZ19,31,0.2427,0.0,0.296,0.0,0.0,clean,False,0.0,clean
ZT,2019-11-27,ZTZ19,ZTH20,33,0.196,0.0,0.355,0.0,0.0,clean,False,0.0018,clean
ZT,2020-02-27,ZTH20,ZTM20,32,0.2016,-0.0036,0.372,0.0,-0.018,clean,False,0.0,clean
ZT,2020-05-28,ZTM20,ZTU20,32,0.124,0.0035,0.317,0.0,0.028,clean,False,0.0018,clean
ZT,2020-08-28,ZTU20,ZTZ20,32,0.0283,-0.0035,0.233,0.0,,clean,False,0.0,clean
ZT,2020-11-27,ZTZ20,ZTH21,33,-0.0071,0.0106,0.344,0.0,,clean,False,0.0,clean
ZT,2021-02-25,ZTH21,ZTM21,33,-0.0159,-0.0177,0.332,0.0,,clean,False,-0.0018,clean
ZT,2021-05-27,ZTM21,ZTU21,33,-0.0637,0.0,0.317,0.0,,clean,False,0.0018,clean
ZT,2021-08-29,ZTU21,ZTZ21,31,-0.1417,0.0035,0.394,0.0,-0.025,clean,False,0.0035,clean
ZT,2021-11-26,ZTZ21,ZTH22,33,-0.3354,0.1539,0.348,0.0,-0.459,clean,True,-0.0036,clean
ZT,2022-02-25,ZTH22,ZTM22,33,-0.343,-0.3448,0.327,0.0,1.005,leaked,True,0.0,streaming_only_artifact
ZT,2022-05-27,ZTM22,ZTU22,33,-0.3975,-0.0146,0.334,0.0,0.037,clean,False,0.0,clean
ZT,2022-08-28,ZTU22,ZTZ22,32,-0.0786,-0.0562,0.36,0.0,,clean,True,-0.0562,elevated_ambiguous
ZT,2022-11-25,ZTZ22,ZTH23,34,0.3019,0.0532,0.281,0.0,0.176,clean,True,0.0,clean
ZT,2023-02-26,ZTH23,ZTM23,32,0.1845,0.0153,0.438,0.0,0.083,clean,False,0.0153,clean
ZT,2023-05-26,ZTM23,ZTU23,34,0.5893,0.0038,0.307,0.0,0.006,clean,False,-0.0038,clean
ZT,2023-08-28,ZTU23,ZTZ23,31,0.4171,-0.0039,0.254,0.0,-0.009,clean,False,0.0,clean
ZT,2023-11-29,ZTZ23,ZTH24,29,0.4488,0.0038,0.477,0.0,0.008,clean,False,0.0,clean
ZT,2024-02-28,ZTH24,ZTM24,28,0.4699,0.4718,0.41,0.0,1.004,leaked,True,0.0,streaming_only_artifact
ZT,2024-05-30,ZTM24,ZTU24,28,0.3237,0.0,0.441,0.0,0.0,clean,False,0.0038,clean
ZT,2024-08-28,ZTU24,ZTZ24,32,0.5158,0.5139,0.353,0.0,0.996,leaked,True,-0.0038,streaming_only_artifact
ZT,2024-11-27,ZTZ24,ZTH25,33,0.2054,0.0152,0.438,0.0,0.074,clean,False,-0.0019,clean
ZT,2025-02-26,ZTH25,ZTM25,32,0.2143,0.2162,0.34,0.0,1.009,leaked,True,0.0,streaming_only_artifact
ZT,2025-05-26,ZTM25,ZTU25,34,0.2723,-0.0112,0.22,0.0,-0.041,clean,False,0.0,clean
ZT,2025-08-27,ZTU25,ZTZ25,33,0.2763,0.2782,0.337,0.0,1.007,leaked,True,-0.0019,streaming_only_artifact
ZT,2025-11-24,ZTZ25,ZTH26,36,0.1817,0.0,0.185,0.0,0.0,clean,False,0.0,clean
ZT,2026-02-25,ZTH26,ZTM26,33,0.1498,0.0,0.289,0.0,0.0,clean,False,-0.0037,clean
